experiment,params_changed,replication_id,seed,wall_clock_ms,avg_customer_wait_h,avg_advisor_wait_h,avg_queue_delay_h,avg_parts_delay_h,avg_service_time_h,shop_tech_util,shop_bay_util,jobs_completed,analytical_rho,analytical_wq_h,util_rel_error,wq_rel_error,validation_ok
baseline,defaults,1,42,94,0.393459,0.000000,0.009922,0.041261,0.342275,0.467776,0.467776,41,0.666667,0.222222,0.298335,0.955350,false
baseline,defaults,2,43,12,0.742483,0.000000,0.310351,0.054941,0.377191,0.578360,0.578360,46,0.666667,0.222222,0.132460,0.396581,false
baseline,defaults,3,44,3,0.366888,0.000000,0.017557,0.000000,0.349331,0.279464,0.279464,24,0.666667,0.222222,0.580803,0.920992,false
baseline,defaults,4,45,6,0.400023,0.000000,0.008366,0.000000,0.391657,0.509154,0.509154,39,0.666667,0.222222,0.236269,0.962353,false
baseline,defaults,5,46,3,0.315576,0.000000,0.004411,0.015617,0.295547,0.344805,0.344805,35,0.666667,0.222222,0.482793,0.980149,false
baseline,defaults,6,47,3,0.295339,0.000000,0.004589,0.000000,0.290750,0.319825,0.319825,33,0.666667,0.222222,0.520262,0.979350,false
baseline,defaults,7,48,7,0.387744,0.000000,0.017537,0.036191,0.334017,0.411954,0.411954,37,0.666667,0.222222,0.382069,0.921085,false
baseline,defaults,8,49,7,0.505678,0.000613,0.143966,0.000000,0.361099,0.541648,0.541648,45,0.666667,0.222222,0.187528,0.352154,false
baseline,defaults,9,50,2,0.252971,0.000000,0.001081,0.000000,0.251889,0.243493,0.243493,29,0.666667,0.222222,0.634760,0.995133,false
baseline,defaults,10,51,3,0.366346,0.000000,0.009214,0.006265,0.350867,0.491214,0.491214,42,0.666667,0.222222,0.263179,0.958539,false
baseline,defaults,11,52,3,0.419140,0.000000,0.026056,0.049219,0.343865,0.424100,0.424100,37,0.666667,0.222222,0.363850,0.882748,false
baseline,defaults,12,53,3,0.278666,0.000000,0.004046,0.000000,0.274620,0.329543,0.329543,36,0.666667,0.222222,0.505685,0.981792,false
baseline,defaults,13,54,4,0.399716,0.000000,0.021099,0.032491,0.346126,0.426889,0.426889,37,0.666667,0.222222,0.359667,0.905052,false
baseline,defaults,14,55,2,0.301438,0.000000,0.035908,0.000000,0.265530,0.362891,0.362891,41,0.666667,0.222222,0.455663,0.838414,false
baseline,defaults,15,56,3,0.563507,0.000000,0.184934,0.000000,0.378573,0.618336,0.618336,49,0.666667,0.222222,0.072497,0.167797,false
baseline,defaults,16,57,3,0.425298,0.000000,0.032341,0.012539,0.380417,0.380417,0.380417,30,0.666667,0.222222,0.429374,0.854463,false
baseline,defaults,17,58,2,0.421494,0.000000,0.037933,0.000000,0.383562,0.536986,0.536986,42,0.666667,0.222222,0.194521,0.829303,false
baseline,defaults,18,59,2,0.330430,0.000000,0.009691,0.000000,0.320739,0.363504,0.363504,34,0.666667,0.222222,0.454743,0.956391,false
baseline,defaults,19,60,2,0.328175,0.000000,0.021936,0.012968,0.293271,0.361701,0.361701,37,0.666667,0.222222,0.457449,0.901287,false
baseline,defaults,20,61,3,0.424268,0.001211,0.107358,0.000000,0.315699,0.463025,0.463025,44,0.666667,0.222222,0.305462,0.516889,false
baseline,defaults,21,62,2,0.341240,0.000000,0.004476,0.000000,0.336764,0.336764,0.336764,30,0.666667,0.222222,0.494853,0.979858,false
baseline,defaults,22,63,4,0.309898,0.000000,0.016559,0.039007,0.254332,0.398453,0.398453,47,0.666667,0.222222,0.402320,0.925484,false
baseline,defaults,23,64,4,0.393952,0.000000,0.051923,0.000000,0.342028,0.513043,0.513043,45,0.666667,0.222222,0.230436,0.766346,false
baseline,defaults,24,65,2,0.579243,0.000000,0.101066,0.080873,0.397303,0.450277,0.450277,34,0.666667,0.222222,0.324585,0.545202,false
baseline,defaults,25,66,2,0.544054,0.000000,0.074863,0.115685,0.353505,0.459556,0.459556,39,0.666667,0.222222,0.310665,0.663115,false
baseline,defaults,26,67,2,0.402622,0.002024,0.083663,0.000000,0.316935,0.433144,0.433144,41,0.666667,0.222222,0.350283,0.623516,false
baseline,defaults,27,68,2,0.411314,0.000000,0.012759,0.129263,0.269292,0.323150,0.323150,36,0.666667,0.222222,0.515275,0.942582,false
baseline,defaults,28,69,2,0.388625,0.000000,0.009626,0.000000,0.378998,0.454798,0.454798,36,0.666667,0.222222,0.317803,0.956682,false
baseline,defaults,29,70,2,0.492638,0.000000,0.111564,0.000000,0.381074,0.419181,0.419181,33,0.666667,0.222222,0.371228,0.497962,false
baseline,defaults,30,71,3,0.338732,0.000000,0.015191,0.044353,0.279188,0.362944,0.362944,39,0.666667,0.222222,0.455584,0.931638,false
sens_lambda_2,arrivalRate=2.0,1,42,1,0.381437,0.000000,0.011640,0.000000,0.369797,0.221878,0.221878,18,0.333333,0.022727,0.334366,0.487850,false
sens_lambda_2,arrivalRate=2.0,2,43,0,0.354887,0.000000,0.010540,0.000000,0.344347,0.321391,0.321391,28,0.333333,0.022727,0.035827,0.536247,false
sens_lambda_2,arrivalRate=2.0,3,44,1,0.413167,0.000000,0.004665,0.000000,0.408502,0.204251,0.204251,15,0.333333,0.022727,0.387247,0.794732,false
sens_lambda_2,arrivalRate=2.0,4,45,1,0.327579,0.000000,0.000000,0.000000,0.327579,0.207467,0.207467,19,0.333333,0.022727,0.377600,1.000000,false
sens_lambda_2,arrivalRate=2.0,5,46,1,0.343844,0.000000,0.000000,0.000000,0.343844,0.194845,0.194845,17,0.333333,0.022727,0.415465,1.000000,false
sens_lambda_2,arrivalRate=2.0,6,47,1,0.255628,0.000000,0.000000,0.000000,0.255628,0.161898,0.161898,19,0.333333,0.022727,0.514306,1.000000,false
sens_lambda_2,arrivalRate=2.0,7,48,1,0.310035,0.000000,0.002883,0.000000,0.307152,0.184291,0.184291,18,0.333333,0.022727,0.447126,0.873164,false
sens_lambda_2,arrivalRate=2.0,8,49,1,0.355134,0.000000,0.003868,0.000000,0.351266,0.222469,0.222469,19,0.333333,0.022727,0.332594,0.829805,false
sens_lambda_2,arrivalRate=2.0,9,50,1,0.349508,0.000000,0.000000,0.000000,0.349508,0.209705,0.209705,18,0.333333,0.022727,0.370886,1.000000,false
sens_lambda_2,arrivalRate=2.0,10,51,2,0.404546,0.000000,0.000000,0.002050,0.402497,0.321997,0.321997,24,0.333333,0.022727,0.034008,1.000000,false
sens_lambda_2,arrivalRate=2.0,11,52,1,0.385740,0.000000,0.001799,0.083965,0.299976,0.169986,0.169986,17,0.333333,0.022727,0.490042,0.920841,false
sens_lambda_2,arrivalRate=2.0,12,53,1,0.247970,0.000000,0.000000,0.000000,0.247970,0.165314,0.165314,20,0.333333,0.022727,0.504059,1.000000,false
sens_lambda_2,arrivalRate=2.0,13,54,1,0.332222,0.000000,0.000000,0.000000,0.332222,0.210407,0.210407,19,0.333333,0.022727,0.368778,1.000000,false
sens_lambda_2,arrivalRate=2.0,14,55,2,0.256070,0.000000,0.000000,0.000000,0.256070,0.170714,0.170714,20,0.333333,0.022727,0.487859,1.000000,false
sens_lambda_2,arrivalRate=2.0,15,56,1,0.340060,0.000000,0.000000,0.000000,0.340060,0.260713,0.260713,23,0.333333,0.022727,0.217862,1.000000,false
sens_lambda_2,arrivalRate=2.0,16,57,1,0.393295,0.000000,0.000000,0.000000,0.393295,0.262197,0.262197,20,0.333333,0.022727,0.213409,1.000000,false
sens_lambda_2,arrivalRate=2.0,17,58,1,0.335358,0.000000,0.002102,0.000000,0.333256,0.255496,0.255496,23,0.333333,0.022727,0.233511,0.907516,false
sens_lambda_2,arrivalRate=2.0,18,59,0,0.318399,0.000000,0.000000,0.000000,0.318399,0.191039,0.191039,18,0.333333,0.022727,0.426882,1.000000,false
sens_lambda_2,arrivalRate=2.0,19,60,0,0.289805,0.000000,0.000000,0.000000,0.289805,0.193203,0.193203,20,0.333333,0.022727,0.420390,1.000000,false
sens_lambda_2,arrivalRate=2.0,20,61,1,0.420810,0.000000,0.024744,0.007916,0.388150,0.297581,0.297581,23,0.333333,0.022727,0.107256,0.088757,true
sens_lambda_2,arrivalRate=2.0,21,62,0,0.390878,0.000000,0.000000,0.000000,0.390878,0.195439,0.195439,15,0.333333,0.022727,0.413683,1.000000,false
sens_lambda_2,arrivalRate=2.0,22,63,1,0.269361,0.000000,0.000000,0.000000,0.269361,0.242425,0.242425,27,0.333333,0.022727,0.272725,1.000000,false
sens_lambda_2,arrivalRate=2.0,23,64,0,0.361567,0.000000,0.034378,0.000000,0.327189,0.196314,0.196314,18,0.333333,0.022727,0.411059,0.512610,false
sens_lambda_2,arrivalRate=2.0,24,65,0,0.496573,0.000000,0.049509,0.000000,0.447063,0.298042,0.298042,20,0.333333,0.022727,0.105873,1.178417,false
sens_lambda_2,arrivalRate=2.0,25,66,0,0.353769,0.000000,0.002303,0.000000,0.351466,0.210880,0.210880,18,0.333333,0.022727,0.367361,0.898662,false
sens_lambda_2,arrivalRate=2.0,26,67,0,0.334036,0.000000,0.000000,0.000000,0.334036,0.155883,0.155883,14,0.333333,0.022727,0.532350,1.000000,false
sens_lambda_2,arrivalRate=2.0,27,68,1,0.264828,0.000000,0.000000,0.000000,0.264828,0.132414,0.132414,15,0.333333,0.022727,0.602758,1.000000,false
sens_lambda_2,arrivalRate=2.0,28,69,1,0.362903,0.000000,0.000000,0.000000,0.362903,0.241935,0.241935,20,0.333333,0.022727,0.274195,1.000000,false
sens_lambda_2,arrivalRate=2.0,29,70,0,0.264233,0.000000,0.000000,0.000000,0.264233,0.088078,0.088078,10,0.333333,0.022727,0.735767,1.000000,false
sens_lambda_2,arrivalRate=2.0,30,71,0,0.316729,0.000000,0.009162,0.000000,0.307566,0.184540,0.184540,18,0.333333,0.022727,0.446380,0.596857,false
sens_lambda_6,arrivalRate=6.0,1,42,2,0.470582,0.000000,0.143653,0.000000,0.326929,0.653859,0.653859,60,1.000000,Infinity,0.346141,NaN,false
sens_lambda_6,arrivalRate=6.0,2,43,2,0.886886,0.000567,0.520106,0.034629,0.331583,0.663166,0.663166,60,1.000000,Infinity,0.336834,NaN,false
sens_lambda_6,arrivalRate=6.0,3,44,1,0.447442,0.000000,0.088039,0.000000,0.359403,0.491185,0.491185,41,1.000000,Infinity,0.508815,NaN,false
sens_lambda_6,arrivalRate=6.0,4,45,3,0.516761,0.000000,0.163571,0.015694,0.337497,0.742492,0.742492,66,1.000000,Infinity,0.257508,NaN,false
sens_lambda_6,arrivalRate=6.0,5,46,2,0.351134,0.000000,0.020866,0.005668,0.324601,0.551821,0.551821,51,1.000000,Infinity,0.448179,NaN,false
sens_lambda_6,arrivalRate=6.0,6,47,1,0.330284,0.000000,0.043569,0.007038,0.279678,0.484775,0.484775,52,1.000000,Infinity,0.515225,NaN,false
sens_lambda_6,arrivalRate=6.0,7,48,1,0.400983,0.000000,0.058624,0.036756,0.305603,0.550085,0.550085,54,1.000000,Infinity,0.449915,NaN,false
sens_lambda_6,arrivalRate=6.0,8,49,1,0.521852,0.000474,0.166414,0.000000,0.354964,0.769089,0.769089,65,1.000000,Infinity,0.230911,NaN,false
sens_lambda_6,arrivalRate=6.0,9,50,2,0.316629,0.000000,0.016324,0.017763,0.282543,0.470905,0.470905,50,1.000000,Infinity,0.529095,NaN,false
sens_lambda_6,arrivalRate=6.0,10,51,2,0.697777,0.000095,0.163408,0.148641,0.385634,0.771267,0.771267,60,1.000000,Infinity,0.228733,NaN,false
sens_lambda_6,arrivalRate=6.0,11,52,2,0.345947,0.000000,0.040491,0.000000,0.305456,0.549822,0.549822,54,1.000000,Infinity,0.450178,NaN,false
sens_lambda_6,arrivalRate=6.0,12,53,2,0.489355,0.000000,0.139719,0.048284,0.301352,0.602704,0.602704,60,1.000000,Infinity,0.397296,NaN,false
sens_lambda_6,arrivalRate=6.0,13,54,2,0.430224,0.000000,0.079099,0.002962,0.348164,0.626694,0.626694,54,1.000000,Infinity,0.373306,NaN,false
sens_lambda_6,arrivalRate=6.0,14,55,3,0.383660,0.000000,0.052326,0.061662,0.269671,0.575298,0.575298,64,1.000000,Infinity,0.424702,NaN,false
sens_lambda_6,arrivalRate=6.0,15,56,2,1.106612,0.000392,0.685593,0.019208,0.401420,0.856362,0.856362,64,1.000000,Infinity,0.143638,NaN,false
sens_lambda_6,arrivalRate=6.0,16,57,1,0.484868,0.000000,0.073104,0.030331,0.381434,0.648437,0.648437,51,1.000000,Infinity,0.351563,NaN,false
sens_lambda_6,arrivalRate=6.0,17,58,1,0.434064,0.000326,0.054155,0.057809,0.321774,0.665000,0.665000,62,1.000000,Infinity,0.335000,NaN,false
sens_lambda_6,arrivalRate=6.0,18,59,1,0.361226,0.000000,0.057201,0.001176,0.302849,0.565318,0.565318,56,1.000000,Infinity,0.434682,NaN,false
sens_lambda_6,arrivalRate=6.0,19,60,2,0.391790,0.000000,0.046425,0.048489,0.296876,0.603649,0.603649,61,1.000000,Infinity,0.396351,NaN,false
sens_lambda_6,arrivalRate=6.0,20,61,2,0.692910,0.002445,0.370510,0.003909,0.316046,0.568883,0.568883,54,1.000000,Infinity,0.431117,NaN,false
sens_lambda_6,arrivalRate=6.0,21,62,1,0.393883,0.000000,0.055634,0.002656,0.335593,0.570508,0.570508,51,1.000000,Infinity,0.429492,NaN,false
sens_lambda_6,arrivalRate=6.0,22,63,2,0.530420,0.000201,0.097468,0.169867,0.262884,0.552056,0.552056,63,1.000000,Infinity,0.447944,NaN,false
sens_lambda_6,arrivalRate=6.0,23,64,2,0.496409,0.000000,0.135262,0.000000,0.361147,0.758408,0.758408,63,1.000000,Infinity,0.241592,NaN,false
sens_lambda_6,arrivalRate=6.0,24,65,1,0.558332,0.000000,0.168219,0.015032,0.375081,0.662642,0.662642,53,1.000000,Infinity,0.337358,NaN,false
sens_lambda_6,arrivalRate=6.0,25,66,1,0.559831,0.000485,0.187577,0.025731,0.346038,0.622868,0.622868,54,1.000000,Infinity,0.377132,NaN,false
sens_lambda_6,arrivalRate=6.0,26,67,2,0.519633,0.000202,0.102146,0.137433,0.279853,0.541049,0.541049,58,1.000000,Infinity,0.458951,NaN,false
sens_lambda_6,arrivalRate=6.0,27,68,2,0.388442,0.000000,0.095859,0.006179,0.286404,0.563262,0.563262,59,1.000000,Infinity,0.436738,NaN,false
sens_lambda_6,arrivalRate=6.0,28,69,2,0.517424,0.000000,0.157874,0.013254,0.346296,0.623333,0.623333,54,1.000000,Infinity,0.376667,NaN,false
sens_lambda_6,arrivalRate=6.0,29,70,2,0.499364,0.000000,0.124249,0.012754,0.362362,0.773039,0.773039,64,1.000000,Infinity,0.226961,NaN,false
sens_lambda_6,arrivalRate=6.0,30,71,1,0.519926,0.000000,0.020088,0.202258,0.297580,0.555482,0.555482,56,1.000000,Infinity,0.444518,NaN,false
sens_lambda_8,arrivalRate=8.0,1,42,2,0.864791,0.000356,0.512296,0.005719,0.346420,0.958429,0.958429,83,1.333333,Infinity,0.281178,NaN,false
sens_lambda_8,arrivalRate=8.0,2,43,2,1.105179,0.001150,0.625775,0.174602,0.303653,0.829984,0.829984,82,1.333333,Infinity,0.377512,NaN,false
sens_lambda_8,arrivalRate=8.0,3,44,3,0.612598,0.000000,0.182946,0.094487,0.335165,0.692675,0.692675,62,1.333333,Infinity,0.480494,NaN,false
sens_lambda_8,arrivalRate=8.0,4,45,3,0.755043,0.000000,0.340543,0.064548,0.349952,0.898210,0.898210,77,1.333333,Infinity,0.326342,NaN,false
sens_lambda_8,arrivalRate=8.0,5,46,1,0.411771,0.000000,0.097842,0.009452,0.304477,0.669850,0.669850,66,1.333333,Infinity,0.497613,NaN,false
sens_lambda_8,arrivalRate=8.0,6,47,1,0.375457,0.000000,0.049080,0.022956,0.303420,0.707980,0.707980,70,1.333333,Infinity,0.469015,NaN,false
sens_lambda_8,arrivalRate=8.0,7,48,1,0.643748,0.000121,0.268806,0.052947,0.321874,0.815415,0.815415,76,1.333333,Infinity,0.388439,NaN,false
sens_lambda_8,arrivalRate=8.0,8,49,1,0.494455,0.000503,0.188233,0.001252,0.304468,0.832211,0.832211,82,1.333333,Infinity,0.375841,NaN,false
sens_lambda_8,arrivalRate=8.0,9,50,1,0.339617,0.000267,0.052449,0.025695,0.261206,0.592067,0.592067,68,1.333333,Infinity,0.555949,NaN,false
sens_lambda_8,arrivalRate=8.0,10,51,2,1.091514,0.000401,0.705685,0.014380,0.371048,0.902883,0.902883,73,1.333333,Infinity,0.322838,NaN,false
sens_lambda_8,arrivalRate=8.0,11,52,1,0.442227,0.000000,0.144959,0.000000,0.297268,0.723353,0.723353,73,1.333333,Infinity,0.457485,NaN,false
sens_lambda_8,arrivalRate=8.0,12,53,1,0.606327,0.000174,0.220187,0.080771,0.305195,0.813853,0.813853,80,1.333333,Infinity,0.389610,NaN,false
sens_lambda_8,arrivalRate=8.0,13,54,1,0.889515,0.000000,0.477375,0.018529,0.393610,1.010266,1.010266,77,1.333333,Infinity,0.242300,NaN,false
sens_lambda_8,arrivalRate=8.0,14,55,1,0.323754,0.000137,0.059377,0.015953,0.248287,0.595888,0.595888,72,1.333333,Infinity,0.553084,NaN,false
sens_lambda_8,arrivalRate=8.0,15,56,1,1.300534,0.001815,0.936109,0.016314,0.346297,0.888828,0.888828,77,1.333333,Infinity,0.333379,NaN,false
sens_lambda_8,arrivalRate=8.0,16,57,1,0.484060,0.000338,0.147514,0.000000,0.336209,0.739660,0.739660,66,1.333333,Infinity,0.445255,NaN,false
sens_lambda_8,arrivalRate=8.0,17,58,1,0.768000,0.000543,0.439854,0.011921,0.315682,0.778683,0.778683,74,1.333333,Infinity,0.415988,NaN,false
sens_lambda_8,arrivalRate=8.0,18,59,1,0.370873,0.000000,0.074803,0.003225,0.292845,0.693067,0.693067,71,1.333333,Infinity,0.480200,NaN,false
sens_lambda_8,arrivalRate=8.0,19,60,2,0.600572,0.000357,0.134678,0.187189,0.278348,0.742261,0.742261,80,1.333333,Infinity,0.443304,NaN,false
sens_lambda_8,arrivalRate=8.0,20,61,1,0.998424,0.002502,0.664478,0.008892,0.322552,0.774125,0.774125,72,1.333333,Infinity,0.419406,NaN,false
sens_lambda_8,arrivalRate=8.0,21,62,1,0.513514,0.000000,0.190319,0.007075,0.316120,0.684927,0.684927,65,1.333333,Infinity,0.486305,NaN,false
sens_lambda_8,arrivalRate=8.0,22,63,2,0.494371,0.000982,0.251813,0.000000,0.241576,0.684465,0.684465,85,1.333333,Infinity,0.486651,NaN,false
sens_lambda_8,arrivalRate=8.0,23,64,1,1.085573,0.000270,0.740360,0.011114,0.333829,0.979231,0.979231,88,1.333333,Infinity,0.265577,NaN,false
sens_lambda_8,arrivalRate=8.0,24,65,1,1.187499,0.000000,0.766391,0.008740,0.412367,0.989680,0.989680,72,1.333333,Infinity,0.257740,NaN,false
sens_lambda_8,arrivalRate=8.0,25,66,1,0.554358,0.001149,0.174581,0.037325,0.341304,0.671231,0.671231,59,1.333333,Infinity,0.496577,NaN,false
sens_lambda_8,arrivalRate=8.0,26,67,1,1.126423,0.000407,0.446822,0.350738,0.328456,0.908728,0.908728,83,1.333333,Infinity,0.318454,NaN,false
sens_lambda_8,arrivalRate=8.0,27,68,1,0.402365,0.001263,0.143159,0.000000,0.257943,0.567474,0.567474,66,1.333333,Infinity,0.574394,NaN,false
sens_lambda_8,arrivalRate=8.0,28,69,2,0.788512,0.000000,0.365775,0.063008,0.359729,0.875341,0.875341,73,1.333333,Infinity,0.343494,NaN,false
sens_lambda_8,arrivalRate=8.0,29,70,2,0.604131,0.000000,0.190828,0.025438,0.387865,0.866231,0.866231,67,1.333333,Infinity,0.350327,NaN,false
sens_lambda_8,arrivalRate=8.0,30,71,2,0.544687,0.000000,0.135024,0.098907,0.310756,0.745814,0.745814,72,1.333333,Infinity,0.440639,NaN,false
sens_techs_2,technicianCount=2,1,42,1,0.898777,0.000000,0.476621,0.000000,0.422156,0.802097,0.802097,38,1.000000,Infinity,0.197903,NaN,false
sens_techs_2,technicianCount=2,2,43,1,0.485387,0.000000,0.134334,0.000000,0.351054,0.579239,0.579239,33,1.000000,Infinity,0.420761,NaN,false
sens_techs_2,technicianCount=2,3,44,1,0.435686,0.000000,0.142634,0.015630,0.277422,0.554843,0.554843,40,1.000000,Infinity,0.445157,NaN,false
sens_techs_2,technicianCount=2,4,45,0,0.321088,0.000000,0.006797,0.000000,0.314291,0.298576,0.298576,19,1.000000,Infinity,0.701424,NaN,false
sens_techs_2,technicianCount=2,5,46,1,0.545178,0.000000,0.204662,0.000000,0.340516,0.732110,0.732110,43,1.000000,Infinity,0.267890,NaN,false
sens_techs_2,technicianCount=2,6,47,1,0.368795,0.000000,0.088900,0.000000,0.279894,0.587778,0.587778,42,1.000000,Infinity,0.412222,NaN,false
sens_techs_2,technicianCount=2,7,48,0,0.435601,0.000000,0.134310,0.014291,0.287001,0.631402,0.631402,44,1.000000,Infinity,0.368598,NaN,false
sens_techs_2,technicianCount=2,8,49,1,0.312103,0.000000,0.022608,0.000000,0.289495,0.448717,0.448717,31,1.000000,Infinity,0.551283,NaN,false
sens_techs_2,technicianCount=2,9,50,1,0.360081,0.000000,0.013041,0.060027,0.287013,0.459221,0.459221,32,1.000000,Infinity,0.540779,NaN,false
sens_techs_2,technicianCount=2,10,51,0,0.906789,0.000000,0.536108,0.000422,0.370259,0.666466,0.666466,36,1.000000,Infinity,0.333534,NaN,false
sens_techs_2,technicianCount=2,11,52,0,0.462471,0.000000,0.130419,0.000000,0.332052,0.680707,0.680707,41,1.000000,Infinity,0.319293,NaN,false
sens_techs_2,technicianCount=2,12,53,0,0.417526,0.000000,0.130623,0.011804,0.275099,0.618972,0.618972,45,1.000000,Infinity,0.381028,NaN,false
sens_techs_2,technicianCount=2,13,54,0,0.730485,0.000000,0.316739,0.053231,0.360515,0.829183,0.829183,46,1.000000,Infinity,0.170817,NaN,false
sens_techs_2,technicianCount=2,14,55,1,0.410602,0.000000,0.128543,0.014346,0.267713,0.669281,0.669281,50,1.000000,Infinity,0.330719,NaN,false
sens_techs_2,technicianCount=2,15,56,0,0.745181,0.000000,0.355020,0.000000,0.390160,0.760813,0.760813,39,1.000000,Infinity,0.239187,NaN,false
sens_techs_2,technicianCount=2,16,57,1,0.700598,0.000000,0.339201,0.026402,0.334995,0.770487,0.770487,46,1.000000,Infinity,0.229513,NaN,false
sens_techs_2,technicianCount=2,17,58,1,0.435159,0.000000,0.060359,0.007203,0.367597,0.698434,0.698434,38,1.000000,Infinity,0.301566,NaN,false
sens_techs_2,technicianCount=2,18,59,1,0.341637,0.000000,0.027540,0.022397,0.291701,0.481306,0.481306,33,1.000000,Infinity,0.518694,NaN,false
sens_techs_2,technicianCount=2,19,60,0,0.345284,0.000000,0.059300,0.000000,0.285984,0.400378,0.400378,28,1.000000,Infinity,0.599622,NaN,false
sens_techs_2,technicianCount=2,20,61,1,1.146891,0.000000,0.746950,0.000000,0.399941,0.879870,0.879870,44,1.000000,Infinity,0.120130,NaN,false
sens_techs_2,technicianCount=2,21,62,1,0.453119,0.000000,0.144369,0.000000,0.308750,0.555750,0.555750,36,1.000000,Infinity,0.444250,NaN,false
sens_techs_2,technicianCount=2,22,63,2,0.378181,0.000092,0.117443,0.010174,0.250472,0.500944,0.500944,40,1.000000,Infinity,0.499056,NaN,false
sens_techs_2,technicianCount=2,23,64,1,0.568521,0.000000,0.247228,0.000000,0.321293,0.578328,0.578328,36,1.000000,Infinity,0.421672,NaN,false
sens_techs_2,technicianCount=2,24,65,1,1.239312,0.000000,0.755795,0.038796,0.444721,0.933914,0.933914,42,1.000000,Infinity,0.066086,NaN,false
sens_techs_2,technicianCount=2,25,66,0,0.407943,0.000000,0.062791,0.000000,0.345152,0.569501,0.569501,33,1.000000,Infinity,0.430499,NaN,false
sens_techs_2,technicianCount=2,26,67,0,0.419692,0.000000,0.075271,0.036174,0.308248,0.601083,0.601083,39,1.000000,Infinity,0.398917,NaN,false
sens_techs_2,technicianCount=2,27,68,0,0.342833,0.000000,0.031409,0.035927,0.275497,0.454570,0.454570,33,1.000000,Infinity,0.545430,NaN,false
sens_techs_2,technicianCount=2,28,69,0,0.524369,0.000000,0.144661,0.000000,0.379708,0.702459,0.702459,37,1.000000,Infinity,0.297541,NaN,false
sens_techs_2,technicianCount=2,29,70,1,0.753650,0.000000,0.356427,0.012078,0.385145,0.828062,0.828062,43,1.000000,Infinity,0.171938,NaN,false
sens_techs_2,technicianCount=2,30,71,0,0.390051,0.000000,0.019219,0.053718,0.317114,0.570806,0.570806,36,1.000000,Infinity,0.429194,NaN,false
sens_techs_4,technicianCount=4,1,42,1,0.371658,0.000052,0.002335,0.032049,0.337223,0.320362,0.320362,38,0.500000,0.043478,0.359277,0.946294,false
sens_techs_4,technicianCount=4,2,43,1,0.398818,0.000000,0.003098,0.070062,0.325658,0.350082,0.350082,43,0.500000,0.043478,0.299835,0.928743,false
sens_techs_4,technicianCount=4,3,44,0,0.342333,0.000000,0.000000,0.000000,0.342333,0.256750,0.256750,30,0.500000,0.043478,0.486501,1.000000,false
sens_techs_4,technicianCount=4,4,45,1,0.466301,0.000000,0.000000,0.032730,0.433571,0.390214,0.390214,36,0.500000,0.043478,0.219571,1.000000,false
sens_techs_4,technicianCount=4,5,46,1,0.341031,0.000000,0.005519,0.012115,0.323397,0.363822,0.363822,45,0.500000,0.043478,0.272357,0.873055,false
sens_techs_4,technicianCount=4,6,47,1,0.310600,0.000000,0.000000,0.045667,0.264933,0.258310,0.258310,39,0.500000,0.043478,0.483380,1.000000,false
sens_techs_4,technicianCount=4,7,48,1,0.483111,0.000000,0.026005,0.122421,0.334686,0.292850,0.292850,35,0.500000,0.043478,0.414300,0.401888,false
sens_techs_4,technicianCount=4,8,49,1,0.331827,0.000000,0.008155,0.000000,0.323672,0.339855,0.339855,42,0.500000,0.043478,0.320289,0.812428,false
sens_techs_4,technicianCount=4,9,50,1,0.312337,0.000000,0.005075,0.008402,0.298859,0.276445,0.276445,37,0.500000,0.043478,0.447111,0.883266,false
sens_techs_4,technicianCount=4,10,51,0,0.353177,0.000000,0.006265,0.000000,0.346912,0.312221,0.312221,36,0.500000,0.043478,0.375559,0.855899,false
sens_techs_4,technicianCount=4,11,52,1,0.303355,0.000000,0.000000,0.000000,0.303355,0.303355,0.303355,40,0.500000,0.043478,0.393290,1.000000,false
sens_techs_4,technicianCount=4,12,53,1,0.345691,0.000000,0.001400,0.037446,0.306845,0.345200,0.345200,45,0.500000,0.043478,0.309599,0.967803,false
sens_techs_4,technicianCount=4,13,54,1,0.419109,0.000000,0.015957,0.013008,0.390144,0.390144,0.390144,40,0.500000,0.043478,0.219711,0.632981,false
sens_techs_4,technicianCount=4,14,55,1,0.259418,0.000000,0.000000,0.009979,0.249439,0.280619,0.280619,45,0.500000,0.043478,0.438762,1.000000,false
sens_techs_4,technicianCount=4,15,56,1,0.353269,0.000000,0.004364,0.012126,0.336779,0.328359,0.328359,39,0.500000,0.043478,0.343282,0.899627,false
sens_techs_4,technicianCount=4,16,57,1,0.403815,0.000000,0.013779,0.002649,0.387387,0.368018,0.368018,38,0.500000,0.043478,0.263964,0.683083,false
sens_techs_4,technicianCount=4,17,58,1,0.337038,0.000000,0.011218,0.000000,0.325820,0.366548,0.366548,45,0.500000,0.043478,0.266905,0.741985,false
sens_techs_4,technicianCount=4,18,59,1,0.356264,0.000000,0.003871,0.000000,0.352394,0.317154,0.317154,36,0.500000,0.043478,0.365692,0.910977,false
sens_techs_4,technicianCount=4,19,60,1,0.292751,0.000000,0.000093,0.026064,0.266594,0.219940,0.219940,33,0.500000,0.043478,0.560120,0.997867,false
sens_techs_4,technicianCount=4,20,61,0,0.370827,0.000000,0.016777,0.000000,0.354051,0.327497,0.327497,37,0.500000,0.043478,0.345006,0.614138,false
sens_techs_4,technicianCount=4,21,62,0,0.339538,0.000000,0.000000,0.000000,0.339538,0.297096,0.297096,35,0.500000,0.043478,0.405808,1.000000,false
sens_techs_4,technicianCount=4,22,63,0,0.271957,0.000000,0.002056,0.000119,0.269781,0.296759,0.296759,44,0.500000,0.043478,0.406481,0.952709,false
sens_techs_4,technicianCount=4,23,64,1,0.393770,0.000000,0.017757,0.057341,0.318671,0.342572,0.342572,43,0.500000,0.043478,0.314857,0.591587,false
sens_techs_4,technicianCount=4,24,65,1,0.316762,0.000000,0.000516,0.000000,0.316246,0.229279,0.229279,29,0.500000,0.043478,0.541443,0.988133,false
sens_techs_4,technicianCount=4,25,66,2,0.323366,0.000000,0.000000,0.000000,0.323366,0.242525,0.242525,30,0.500000,0.043478,0.514951,1.000000,false
sens_techs_4,technicianCount=4,26,67,3,0.508077,0.000000,0.001871,0.206058,0.300148,0.270133,0.270133,36,0.500000,0.043478,0.459733,0.956971,false
sens_techs_4,technicianCount=4,27,68,1,0.292679,0.000000,0.001207,0.018731,0.272741,0.265923,0.265923,39,0.500000,0.043478,0.468155,0.972235,false
sens_techs_4,technicianCount=4,28,69,2,0.441751,0.000000,0.012908,0.027952,0.400891,0.420936,0.420936,42,0.500000,0.043478,0.158129,0.703118,false
sens_techs_4,technicianCount=4,29,70,2,0.423867,0.000000,0.018129,0.029592,0.376145,0.413760,0.413760,44,0.500000,0.043478,0.172480,0.583023,false
sens_techs_4,technicianCount=4,30,71,2,0.393667,0.000000,0.029657,0.010084,0.353926,0.530889,0.530889,60,0.500000,0.043478,0.061777,0.317884,false
sens_techs_5,technicianCount=5,1,42,1,0.401263,0.000002,0.000887,0.024467,0.375906,0.323279,0.323279,43,0.400000,0.009950,0.191802,0.910826,false
sens_techs_5,technicianCount=5,2,43,1,0.356203,0.000000,0.000000,0.051564,0.304639,0.231526,0.231526,38,0.400000,0.009950,0.421186,1.000000,false
sens_techs_5,technicianCount=5,3,44,0,0.318203,0.000000,0.000384,0.000000,0.317819,0.222473,0.222473,35,0.400000,0.009950,0.443817,0.961416,false
sens_techs_5,technicianCount=5,4,45,0,0.380819,0.000000,0.000000,0.000000,0.380819,0.251341,0.251341,33,0.400000,0.009950,0.371648,1.000000,false
sens_techs_5,technicianCount=5,5,46,1,0.345056,0.000000,0.000000,0.000000,0.345056,0.310551,0.310551,45,0.400000,0.009950,0.223624,1.000000,false
sens_techs_5,technicianCount=5,6,47,1,0.340718,0.000000,0.000113,0.001153,0.339452,0.285140,0.285140,42,0.400000,0.009950,0.287151,0.988640,false
sens_techs_5,technicianCount=5,7,48,0,0.338927,0.000000,0.000000,0.000000,0.338927,0.216913,0.216913,32,0.400000,0.009950,0.457718,1.000000,false
sens_techs_5,technicianCount=5,8,49,0,0.345828,0.000000,0.000000,0.000000,0.345828,0.214413,0.214413,31,0.400000,0.009950,0.463967,1.000000,false
sens_techs_5,technicianCount=5,9,50,0,0.336503,0.000000,0.000000,0.002233,0.334271,0.227304,0.227304,34,0.400000,0.009950,0.431740,1.000000,false
sens_techs_5,technicianCount=5,10,51,0,0.371646,0.000000,0.000000,0.000000,0.371646,0.319616,0.319616,43,0.400000,0.009950,0.200960,1.000000,false
sens_techs_5,technicianCount=5,11,52,0,0.315136,0.000000,0.000000,0.000000,0.315136,0.214292,0.214292,34,0.400000,0.009950,0.464269,1.000000,false
sens_techs_5,technicianCount=5,12,53,0,0.340606,0.000000,0.000000,0.005222,0.335384,0.268307,0.268307,40,0.400000,0.009950,0.329232,1.000000,false
sens_techs_5,technicianCount=5,13,54,1,0.385779,0.000000,0.000000,0.013662,0.372117,0.357233,0.357233,48,0.400000,0.009950,0.106918,1.000000,false
sens_techs_5,technicianCount=5,14,55,1,0.278200,0.000000,0.000476,0.006059,0.271665,0.244498,0.244498,45,0.400000,0.009950,0.388754,0.952119,false
sens_techs_5,technicianCount=5,15,56,1,0.357775,0.000000,0.000000,0.017086,0.340689,0.292993,0.292993,43,0.400000,0.009950,0.267518,1.000000,false
sens_techs_5,technicianCount=5,16,57,1,0.416849,0.000000,0.007126,0.000000,0.409723,0.327778,0.327778,40,0.400000,0.009950,0.180555,0.283843,false
sens_techs_5,technicianCount=5,17,58,1,0.337466,0.000000,0.000277,0.000000,0.337189,0.283239,0.283239,42,0.400000,0.009950,0.291904,0.972139,false
sens_techs_5,technicianCount=5,18,59,1,0.303490,0.000000,0.002822,0.004284,0.296384,0.225252,0.225252,38,0.400000,0.009950,0.436870,0.716357,false
sens_techs_5,technicianCount=5,19,60,1,0.367315,0.000000,0.000823,0.035421,0.331070,0.238370,0.238370,36,0.400000,0.009950,0.404074,0.917255,false
sens_techs_5,technicianCount=5,20,61,1,0.350474,0.000000,0.001950,0.000000,0.348524,0.334583,0.334583,48,0.400000,0.009950,0.163542,0.803983,false
sens_techs_5,technicianCount=5,21,62,0,0.333241,0.000000,0.000000,0.000000,0.333241,0.186615,0.186615,28,0.400000,0.009950,0.533463,1.000000,false
sens_techs_5,technicianCount=5,22,63,0,0.267573,0.000000,0.000000,0.000000,0.267573,0.219410,0.219410,41,0.400000,0.009950,0.451475,1.000000,false
sens_techs_5,technicianCount=5,23,64,0,0.321872,0.000000,0.000000,0.000000,0.321872,0.212435,0.212435,33,0.400000,0.009950,0.468911,1.000000,false
sens_techs_5,technicianCount=5,24,65,0,0.392519,0.000000,0.000952,0.010573,0.380995,0.365755,0.365755,48,0.400000,0.009950,0.085613,0.904365,false
sens_techs_5,technicianCount=5,25,66,0,0.339633,0.000000,0.000000,0.000000,0.339633,0.278499,0.278499,41,0.400000,0.009950,0.303753,1.000000,false
sens_techs_5,technicianCount=5,26,67,0,0.359744,0.000000,0.000000,0.040968,0.318776,0.223143,0.223143,35,0.400000,0.009950,0.442141,1.000000,false
sens_techs_5,technicianCount=5,27,68,0,0.479762,0.000000,0.002406,0.168930,0.308426,0.215898,0.215898,35,0.400000,0.009950,0.460255,0.758214,false
sens_techs_5,technicianCount=5,28,69,0,0.471076,0.000000,0.000000,0.088078,0.382998,0.298738,0.298738,39,0.400000,0.009950,0.253154,1.000000,false
sens_techs_5,technicianCount=5,29,70,0,0.420393,0.000000,0.000000,0.016912,0.403481,0.234019,0.234019,29,0.400000,0.009950,0.414953,1.000000,false
sens_techs_5,technicianCount=5,30,71,0,0.315485,0.000000,0.002303,0.001833,0.311348,0.286440,0.286440,46,0.400000,0.009950,0.283899,0.768501,false
sens_mu_1.5,serviceRate=1.5,1,42,1,0.563097,0.000000,0.072933,0.036895,0.453269,0.619467,0.619467,41,0.888889,1.595016,0.303099,0.954275,false
sens_mu_1.5,serviceRate=1.5,2,43,0,1.018234,0.000000,0.548281,0.025941,0.444012,0.680818,0.680818,46,0.888889,1.595016,0.234079,0.656254,false
sens_mu_1.5,serviceRate=1.5,3,44,0,0.508447,0.000000,0.039075,0.000000,0.469372,0.375498,0.375498,24,0.888889,1.595016,0.577565,0.975502,false
sens_mu_1.5,serviceRate=1.5,4,45,0,0.559324,0.000000,0.037115,0.000000,0.522209,0.678871,0.678871,39,0.888889,1.595016,0.236270,0.976731,false
sens_mu_1.5,serviceRate=1.5,5,46,0,0.441772,0.000000,0.024260,0.015617,0.401894,0.468877,0.468877,35,0.888889,1.595016,0.472514,0.984790,false
sens_mu_1.5,serviceRate=1.5,6,47,0,0.406745,0.000000,0.017958,0.000000,0.388787,0.427666,0.427666,33,0.888889,1.595016,0.518876,0.988741,false
sens_mu_1.5,serviceRate=1.5,7,48,0,0.608926,0.000000,0.110482,0.014926,0.483519,0.596340,0.596340,37,0.888889,1.595016,0.329118,0.930733,false
sens_mu_1.5,serviceRate=1.5,8,49,0,0.774591,0.000613,0.302665,0.005181,0.466131,0.699197,0.699197,45,0.888889,1.595016,0.213403,0.810243,false
sens_mu_1.5,serviceRate=1.5,9,50,0,0.345861,0.000000,0.010009,0.000000,0.335852,0.324657,0.324657,29,0.888889,1.595016,0.634760,0.993725,false
sens_mu_1.5,serviceRate=1.5,10,51,0,0.499185,0.000000,0.044369,0.011238,0.443578,0.621009,0.621009,42,0.888889,1.595016,0.301365,0.972183,false
sens_mu_1.5,serviceRate=1.5,11,52,0,0.480926,0.000000,0.060301,0.000000,0.420625,0.518770,0.518770,37,0.888889,1.595016,0.416383,0.962194,false
sens_mu_1.5,serviceRate=1.5,12,53,0,0.388977,0.000000,0.014526,0.039497,0.334954,0.401945,0.401945,36,0.888889,1.595016,0.547812,0.990893,false
sens_mu_1.5,serviceRate=1.5,13,54,0,0.570937,0.000000,0.037723,0.032491,0.500724,0.617560,0.617560,37,0.888889,1.595016,0.305245,0.976350,false
sens_mu_1.5,serviceRate=1.5,14,55,1,0.388883,0.000000,0.062964,0.000000,0.325919,0.445423,0.445423,41,0.888889,1.595016,0.498899,0.960524,false
sens_mu_1.5,serviceRate=1.5,15,56,14,0.828010,0.000000,0.357377,0.009682,0.460951,0.752887,0.752887,49,0.888889,1.595016,0.153002,0.775941,false
sens_mu_1.5,serviceRate=1.5,16,57,0,0.568028,0.000000,0.055658,0.000000,0.512371,0.512371,0.512371,30,0.888889,1.595016,0.423583,0.965105,false
sens_mu_1.5,serviceRate=1.5,17,58,0,0.605880,0.000000,0.120027,0.000000,0.485853,0.680195,0.680195,42,0.888889,1.595016,0.234781,0.924749,false
sens_mu_1.5,serviceRate=1.5,18,59,0,0.468693,0.000000,0.036989,0.000000,0.431704,0.489264,0.489264,34,0.888889,1.595016,0.449578,0.976810,false
sens_mu_1.5,serviceRate=1.5,19,60,0,0.494144,0.000000,0.076830,0.031956,0.385358,0.475274,0.475274,37,0.888889,1.595016,0.465316,0.951831,false
sens_mu_1.5,serviceRate=1.5,20,61,1,0.645164,0.001211,0.227543,0.000000,0.416410,0.610735,0.610735,44,0.888889,1.595016,0.312924,0.857341,false
sens_mu_1.5,serviceRate=1.5,21,62,0,0.533179,0.000000,0.065330,0.021436,0.446413,0.446413,0.446413,30,0.888889,1.595016,0.497785,0.959041,false
sens_mu_1.5,serviceRate=1.5,22,63,0,0.372774,0.000000,0.047066,0.004251,0.321456,0.503615,0.503615,47,0.888889,1.595016,0.433433,0.970492,false
sens_mu_1.5,serviceRate=1.5,23,64,1,0.640290,0.000000,0.148894,0.000000,0.491396,0.737093,0.737093,45,0.888889,1.595016,0.170770,0.906650,false
sens_mu_1.5,serviceRate=1.5,24,65,0,0.857435,0.000000,0.306250,0.000000,0.551185,0.624676,0.624676,34,0.888889,1.595016,0.297239,0.807996,false
sens_mu_1.5,serviceRate=1.5,25,66,0,0.670307,0.000000,0.136406,0.068959,0.464941,0.604423,0.604423,39,0.888889,1.595016,0.320024,0.914480,false
sens_mu_1.5,serviceRate=1.5,26,67,0,0.558103,0.002024,0.130994,0.000000,0.425085,0.580950,0.580950,41,0.888889,1.595016,0.346431,0.917873,false
sens_mu_1.5,serviceRate=1.5,27,68,0,0.602621,0.000000,0.064824,0.195856,0.341940,0.410328,0.410328,36,0.888889,1.595016,0.538381,0.959358,false
sens_mu_1.5,serviceRate=1.5,28,69,0,0.528052,0.000000,0.025338,0.000000,0.502714,0.603257,0.603257,36,0.888889,1.595016,0.321336,0.984114,false
sens_mu_1.5,serviceRate=1.5,29,70,0,0.606782,0.000000,0.153272,0.000000,0.453510,0.498861,0.498861,33,0.888889,1.595016,0.438781,0.903906,false
sens_mu_1.5,serviceRate=1.5,30,71,0,0.472428,0.000000,0.041951,0.044353,0.386124,0.501961,0.501961,39,0.888889,1.595016,0.435294,0.973699,false
sens_mu_2.5,serviceRate=2.5,1,42,0,0.323134,0.000000,0.007555,0.041261,0.274317,0.374900,0.374900,41,0.533333,0.078228,0.297062,0.903425,false
sens_mu_2.5,serviceRate=2.5,2,43,0,0.546366,0.000000,0.079026,0.193480,0.273860,0.419919,0.419919,46,0.533333,0.078228,0.212651,0.010200,false
sens_mu_2.5,serviceRate=2.5,3,44,0,0.286276,0.000000,0.006811,0.000000,0.279464,0.223572,0.223572,24,0.533333,0.078228,0.580803,0.912932,false
sens_mu_2.5,serviceRate=2.5,4,45,0,0.315529,0.000000,0.002141,0.000000,0.313387,0.407404,0.407404,39,0.533333,0.078228,0.236118,0.972627,false
sens_mu_2.5,serviceRate=2.5,5,46,0,0.254809,0.000000,0.001588,0.015617,0.237604,0.277204,0.277204,35,0.533333,0.078228,0.480242,0.979696,false
sens_mu_2.5,serviceRate=2.5,6,47,0,0.282414,0.000000,0.002111,0.054670,0.225633,0.248197,0.248197,33,0.533333,0.078228,0.534631,0.973019,false
sens_mu_2.5,serviceRate=2.5,7,48,1,0.307903,0.000000,0.005831,0.036191,0.265882,0.327921,0.327921,37,0.533333,0.078228,0.385149,0.925462,false
sens_mu_2.5,serviceRate=2.5,8,49,1,0.334150,0.000613,0.049074,0.009034,0.275430,0.413145,0.413145,45,0.533333,0.078228,0.225353,0.372681,false
sens_mu_2.5,serviceRate=2.5,9,50,0,0.201511,0.000000,0.000000,0.000000,0.201511,0.194794,0.194794,29,0.533333,0.078228,0.634760,1.000000,false
sens_mu_2.5,serviceRate=2.5,10,51,0,0.343625,0.000000,0.004816,0.032487,0.306322,0.428851,0.428851,42,0.533333,0.078228,0.195904,0.938437,false
sens_mu_2.5,serviceRate=2.5,11,52,0,0.338462,0.000000,0.014263,0.049219,0.274980,0.339142,0.339142,37,0.533333,0.078228,0.364108,0.817676,false
sens_mu_2.5,serviceRate=2.5,12,53,0,0.221928,0.000000,0.001417,0.000000,0.220511,0.264613,0.264613,36,0.533333,0.078228,0.503850,0.981885,false
sens_mu_2.5,serviceRate=2.5,13,54,0,0.321663,0.000000,0.012389,0.032491,0.276783,0.341366,0.341366,37,0.533333,0.078228,0.359939,0.841626,false
sens_mu_2.5,serviceRate=2.5,14,55,0,0.232398,0.000000,0.017558,0.000000,0.214840,0.293614,0.293614,41,0.533333,0.078228,0.449473,0.775552,false
sens_mu_2.5,serviceRate=2.5,15,56,0,0.332893,0.000000,0.032929,0.005611,0.294353,0.480777,0.480777,49,0.533333,0.078228,0.098543,0.579061,false
sens_mu_2.5,serviceRate=2.5,16,57,0,0.392509,0.000000,0.019895,0.056029,0.316585,0.316585,0.316585,30,0.533333,0.078228,0.406403,0.745678,false
sens_mu_2.5,serviceRate=2.5,17,58,0,0.303924,0.000000,0.010830,0.000000,0.293095,0.410333,0.410333,42,0.533333,0.078228,0.230626,0.861563,false
sens_mu_2.5,serviceRate=2.5,18,59,0,0.261004,0.000000,0.004412,0.000000,0.256591,0.290804,0.290804,34,0.533333,0.078228,0.454743,0.943594,false
sens_mu_2.5,serviceRate=2.5,19,60,0,0.240111,0.000000,0.007284,0.005187,0.227639,0.280755,0.280755,37,0.533333,0.078228,0.473584,0.906887,false
sens_mu_2.5,serviceRate=2.5,20,61,0,0.370637,0.001211,0.067739,0.000401,0.301286,0.441886,0.441886,44,0.533333,0.078228,0.171463,0.134083,false
sens_mu_2.5,serviceRate=2.5,21,62,0,0.270799,0.000000,0.001387,0.000000,0.269412,0.269412,0.269412,30,0.533333,0.078228,0.494853,0.982269,false
sens_mu_2.5,serviceRate=2.5,22,63,0,0.359287,0.000000,0.018987,0.131329,0.208971,0.327388,0.327388,47,0.533333,0.078228,0.386148,0.757284,false
sens_mu_2.5,serviceRate=2.5,23,64,0,0.294636,0.000000,0.017644,0.000000,0.276992,0.415488,0.415488,45,0.533333,0.078228,0.220961,0.774454,false
sens_mu_2.5,serviceRate=2.5,24,65,0,0.358910,0.000000,0.028257,0.000000,0.330653,0.374740,0.374740,34,0.533333,0.078228,0.297362,0.638784,false
sens_mu_2.5,serviceRate=2.5,25,66,0,0.448328,0.000000,0.042757,0.115685,0.289886,0.376852,0.376852,39,0.533333,0.078228,0.293403,0.453433,false
sens_mu_2.5,serviceRate=2.5,26,67,0,0.307930,0.002024,0.052688,0.000000,0.253218,0.346064,0.346064,41,0.533333,0.078228,0.351130,0.326478,false
sens_mu_2.5,serviceRate=2.5,27,68,0,0.349354,0.000000,0.004658,0.129263,0.215433,0.258520,0.258520,36,0.533333,0.078228,0.515275,0.940457,false
sens_mu_2.5,serviceRate=2.5,28,69,0,0.306584,0.000000,0.003734,0.000000,0.302850,0.363420,0.363420,36,0.533333,0.078228,0.318587,0.952264,false
sens_mu_2.5,serviceRate=2.5,29,70,0,0.384105,0.000000,0.075398,0.000000,0.308707,0.339577,0.339577,33,0.533333,0.078228,0.363293,0.036170,false
sens_mu_2.5,serviceRate=2.5,30,71,1,0.275184,0.000000,0.005254,0.044353,0.225577,0.293250,0.293250,39,0.533333,0.078228,0.450157,0.932831,false
sens_advisors_1,advisorCount=1,1,42,0,0.402526,0.032940,0.002157,0.036099,0.331330,0.452818,0.452818,41,0.666667,0.222222,0.320773,0.990296,false
sens_advisors_1,advisorCount=1,2,43,1,0.600158,0.153304,0.123404,0.001330,0.322119,0.493917,0.493917,46,0.666667,0.222222,0.259125,0.444682,false
sens_advisors_1,advisorCount=1,3,44,0,0.357961,0.015306,0.007303,0.000000,0.335352,0.268282,0.268282,24,0.666667,0.222222,0.597578,0.967136,false
sens_advisors_1,advisorCount=1,4,45,0,0.406118,0.018470,0.003297,0.000000,0.384351,0.499656,0.499656,39,0.666667,0.222222,0.250516,0.985165,false
sens_advisors_1,advisorCount=1,5,46,0,0.342321,0.022373,0.002419,0.021332,0.296197,0.345563,0.345563,35,0.666667,0.222222,0.481656,0.989114,false
sens_advisors_1,advisorCount=1,6,47,0,0.360667,0.017730,0.000017,0.054670,0.288250,0.317075,0.317075,33,0.666667,0.222222,0.524387,0.999924,false
sens_advisors_1,advisorCount=1,7,48,0,0.455590,0.043117,0.031129,0.052072,0.329272,0.406102,0.406102,37,0.666667,0.222222,0.390848,0.859920,false
sens_advisors_1,advisorCount=1,8,49,1,0.427177,0.077109,0.045499,0.000000,0.304569,0.456854,0.456854,45,0.666667,0.222222,0.314719,0.795254,false
sens_advisors_1,advisorCount=1,9,50,0,0.260218,0.010797,0.000000,0.000000,0.249422,0.241108,0.241108,29,0.666667,0.222222,0.638338,1.000000,false
sens_advisors_1,advisorCount=1,10,51,0,0.399089,0.025917,0.021154,0.000000,0.352018,0.492825,0.492825,42,0.666667,0.222222,0.260762,0.904808,false
sens_advisors_1,advisorCount=1,11,52,0,0.397480,0.040962,0.019140,0.000000,0.337378,0.416100,0.416100,37,0.666667,0.222222,0.375850,0.913870,false
sens_advisors_1,advisorCount=1,12,53,0,0.343087,0.025618,0.000000,0.011984,0.305485,0.366582,0.366582,36,0.666667,0.222222,0.450128,1.000000,false
sens_advisors_1,advisorCount=1,13,54,0,0.410806,0.020781,0.014625,0.029274,0.346126,0.426889,0.426889,37,0.666667,0.222222,0.359667,0.934187,false
sens_advisors_1,advisorCount=1,14,55,0,0.377077,0.061938,0.012124,0.016780,0.286236,0.391189,0.391189,41,0.666667,0.222222,0.413217,0.945443,false
sens_advisors_1,advisorCount=1,15,56,0,0.500090,0.069735,0.086402,0.000000,0.343953,0.561789,0.561789,49,0.666667,0.222222,0.157316,0.611189,false
sens_advisors_1,advisorCount=1,16,57,0,0.419867,0.034504,0.011526,0.000000,0.373836,0.373836,0.373836,30,0.666667,0.222222,0.439245,0.948132,false
sens_advisors_1,advisorCount=1,17,58,0,0.445215,0.038099,0.021906,0.000000,0.385210,0.539294,0.539294,42,0.666667,0.222222,0.191059,0.901424,false
sens_advisors_1,advisorCount=1,18,59,0,0.379841,0.031461,0.020058,0.000000,0.328322,0.372098,0.372098,34,0.666667,0.222222,0.441852,0.909740,false
sens_advisors_1,advisorCount=1,19,60,0,0.383775,0.039989,0.012915,0.047609,0.283263,0.349357,0.349357,37,0.666667,0.222222,0.475964,0.941882,false
sens_advisors_1,advisorCount=1,20,61,0,0.534805,0.091262,0.094672,0.005508,0.343363,0.503600,0.503600,44,0.666667,0.222222,0.244601,0.573977,false
sens_advisors_1,advisorCount=1,21,62,0,0.396970,0.025160,0.002510,0.029580,0.339720,0.339720,0.339720,30,0.666667,0.222222,0.490421,0.988704,false
sens_advisors_1,advisorCount=1,22,63,0,0.311610,0.052396,0.002193,0.000000,0.257022,0.402667,0.402667,47,0.666667,0.222222,0.395999,0.990133,false
sens_advisors_1,advisorCount=1,23,64,0,0.453756,0.065544,0.019028,0.000000,0.369184,0.553776,0.553776,45,0.666667,0.222222,0.169336,0.914373,false
sens_advisors_1,advisorCount=1,24,65,0,0.553363,0.029544,0.100110,0.000000,0.423709,0.480204,0.480204,34,0.666667,0.222222,0.279695,0.549506,false
sens_advisors_1,advisorCount=1,25,66,0,0.398299,0.070665,0.009483,0.000000,0.318152,0.413597,0.413597,39,0.666667,0.222222,0.379604,0.957326,false
sens_advisors_1,advisorCount=1,26,67,0,0.419360,0.073195,0.036894,0.000000,0.309271,0.422670,0.422670,41,0.666667,0.222222,0.365995,0.833979,false
sens_advisors_1,advisorCount=1,27,68,0,0.359999,0.056317,0.003256,0.044014,0.256413,0.307696,0.307696,36,0.666667,0.222222,0.538457,0.985349,false
sens_advisors_1,advisorCount=1,28,69,0,0.426656,0.032673,0.008228,0.000000,0.385754,0.462905,0.462905,36,0.666667,0.222222,0.305642,0.962975,false
sens_advisors_1,advisorCount=1,29,70,0,0.497942,0.044480,0.089406,0.000000,0.364056,0.400461,0.400461,33,0.666667,0.222222,0.399308,0.597672,false
sens_advisors_1,advisorCount=1,30,71,0,0.421099,0.036836,0.014422,0.047953,0.321887,0.418454,0.418454,39,0.666667,0.222222,0.372320,0.935101,false
sens_advisors_2,advisorCount=2,1,42,0,0.396144,0.001708,0.012458,0.040933,0.341046,0.466096,0.466096,41,0.666667,0.222222,0.300856,0.943938,false
sens_advisors_2,advisorCount=2,2,43,0,0.575306,0.005850,0.209152,0.044121,0.316183,0.484814,0.484814,46,0.666667,0.222222,0.272779,0.058816,false
sens_advisors_2,advisorCount=2,3,44,0,0.366888,0.001650,0.015908,0.000000,0.349331,0.279464,0.279464,24,0.666667,0.222222,0.580803,0.928415,false
sens_advisors_2,advisorCount=2,4,45,0,0.401201,0.001178,0.008366,0.000000,0.391657,0.509154,0.509154,39,0.666667,0.222222,0.236269,0.962353,false
sens_advisors_2,advisorCount=2,5,46,0,0.315576,0.000000,0.004411,0.015617,0.295547,0.344805,0.344805,35,0.666667,0.222222,0.482793,0.980149,false
sens_advisors_2,advisorCount=2,6,47,0,0.295339,0.000783,0.003806,0.000000,0.290750,0.319825,0.319825,33,0.666667,0.222222,0.520262,0.982873,false
sens_advisors_2,advisorCount=2,7,48,0,0.403784,0.006218,0.041399,0.017140,0.339027,0.418134,0.418134,37,0.666667,0.222222,0.372799,0.813707,false
sens_advisors_2,advisorCount=2,8,49,0,0.480557,0.006550,0.122803,0.000000,0.351204,0.526806,0.526806,45,0.666667,0.222222,0.209791,0.447384,false
sens_advisors_2,advisorCount=2,9,50,0,0.252971,0.000000,0.001081,0.000000,0.251889,0.243493,0.243493,29,0.666667,0.222222,0.634760,0.995133,false
sens_advisors_2,advisorCount=2,10,51,0,0.369237,0.001752,0.010352,0.006265,0.350867,0.491214,0.491214,42,0.666667,0.222222,0.263179,0.953416,false
sens_advisors_2,advisorCount=2,11,52,0,0.420267,0.002619,0.024565,0.049219,0.343865,0.424100,0.424100,37,0.666667,0.222222,0.363850,0.889458,false
sens_advisors_2,advisorCount=2,12,53,0,0.278666,0.001682,0.002364,0.000000,0.274620,0.329543,0.329543,36,0.666667,0.222222,0.505685,0.989362,false
sens_advisors_2,advisorCount=2,13,54,0,0.399716,0.000000,0.021099,0.032491,0.346126,0.426889,0.426889,37,0.666667,0.222222,0.359667,0.905052,false
sens_advisors_2,advisorCount=2,14,55,0,0.299671,0.003735,0.030994,0.000000,0.264942,0.362088,0.362088,41,0.666667,0.222222,0.456868,0.860527,false
sens_advisors_2,advisorCount=2,15,56,0,0.563507,0.002305,0.182629,0.000000,0.378573,0.618336,0.618336,49,0.666667,0.222222,0.072497,0.178170,false
sens_advisors_2,advisorCount=2,16,57,0,0.425298,0.001732,0.030609,0.012539,0.380417,0.380417,0.380417,30,0.666667,0.222222,0.429374,0.862258,false
sens_advisors_2,advisorCount=2,17,58,0,0.430029,0.004006,0.043432,0.000000,0.382591,0.535627,0.535627,42,0.666667,0.222222,0.196559,0.804554,false
sens_advisors_2,advisorCount=2,18,59,0,0.336759,0.002698,0.011504,0.000000,0.322557,0.365564,0.365564,34,0.666667,0.222222,0.451653,0.948234,false
sens_advisors_2,advisorCount=2,19,60,0,0.303518,0.002719,0.022694,0.000000,0.278105,0.342997,0.342997,37,0.666667,0.222222,0.485505,0.897878,false
sens_advisors_2,advisorCount=2,20,61,0,0.475773,0.010857,0.094554,0.005329,0.365033,0.535381,0.535381,44,0.666667,0.222222,0.196928,0.574508,false
sens_advisors_2,advisorCount=2,21,62,0,0.341240,0.000357,0.004119,0.000000,0.336764,0.336764,0.336764,30,0.666667,0.222222,0.494853,0.981463,false
sens_advisors_2,advisorCount=2,22,63,0,0.282059,0.003567,0.021909,0.000000,0.256583,0.401980,0.401980,47,0.666667,0.222222,0.397030,0.901409,false
sens_advisors_2,advisorCount=2,23,64,0,0.388917,0.009296,0.045307,0.000000,0.334313,0.501470,0.501470,45,0.666667,0.222222,0.247795,0.796118,false
sens_advisors_2,advisorCount=2,24,65,0,0.579243,0.000513,0.100553,0.080873,0.397303,0.450277,0.450277,34,0.666667,0.222222,0.324585,0.547510,false
sens_advisors_2,advisorCount=2,25,66,0,0.544054,0.004724,0.071734,0.114091,0.353505,0.459556,0.459556,39,0.666667,0.222222,0.310665,0.677197,false
sens_advisors_2,advisorCount=2,26,67,0,0.349529,0.012437,0.043012,0.000000,0.294081,0.401910,0.401910,41,0.666667,0.222222,0.397134,0.806448,false
sens_advisors_2,advisorCount=2,27,68,0,0.411790,0.003882,0.011468,0.127148,0.269292,0.323150,0.323150,36,0.666667,0.222222,0.515275,0.948396,false
sens_advisors_2,advisorCount=2,28,69,0,0.390307,0.001682,0.009626,0.000000,0.378998,0.454798,0.454798,36,0.666667,0.222222,0.317803,0.956682,false
sens_advisors_2,advisorCount=2,29,70,0,0.499720,0.003946,0.116829,0.000000,0.378945,0.416840,0.416840,33,0.666667,0.222222,0.374741,0.474269,false
sens_advisors_2,advisorCount=2,30,71,0,0.339841,0.003732,0.012569,0.044353,0.279188,0.362944,0.362944,39,0.666667,0.222222,0.455584,0.943439,false
sens_parts_lead_0.5,partsLeadTimeHours=0.5,1,42,0,0.340864,0.000000,0.011403,0.000000,0.329461,0.450263,0.450263,41,0.666667,0.222222,0.324606,0.948686,false
sens_parts_lead_0.5,partsLeadTimeHours=0.5,2,43,0,0.710850,0.000000,0.334500,0.000000,0.376350,0.577070,0.577070,46,0.666667,0.222222,0.134395,0.505249,false
sens_parts_lead_0.5,partsLeadTimeHours=0.5,3,44,0,0.366888,0.000000,0.017557,0.000000,0.349331,0.279464,0.279464,24,0.666667,0.222222,0.580803,0.920992,false
sens_parts_lead_0.5,partsLeadTimeHours=0.5,4,45,0,0.400023,0.000000,0.008366,0.000000,0.391657,0.509154,0.509154,39,0.666667,0.222222,0.236269,0.962353,false
sens_parts_lead_0.5,partsLeadTimeHours=0.5,5,46,0,0.303673,0.000000,0.005089,0.000000,0.298585,0.348349,0.348349,35,0.666667,0.222222,0.477476,0.977101,false
sens_parts_lead_0.5,partsLeadTimeHours=0.5,6,47,0,0.295339,0.000000,0.004589,0.000000,0.290750,0.319825,0.319825,33,0.666667,0.222222,0.520262,0.979350,false
sens_parts_lead_0.5,partsLeadTimeHours=0.5,7,48,0,0.350948,0.000000,0.017537,0.000000,0.333411,0.411207,0.411207,37,0.666667,0.222222,0.383190,0.921085,false
sens_parts_lead_0.5,partsLeadTimeHours=0.5,8,49,0,0.505678,0.000613,0.143966,0.000000,0.361099,0.541648,0.541648,45,0.666667,0.222222,0.187528,0.352154,false
sens_parts_lead_0.5,partsLeadTimeHours=0.5,9,50,0,0.252971,0.000000,0.001081,0.000000,0.251889,0.243493,0.243493,29,0.666667,0.222222,0.634760,0.995133,false
sens_parts_lead_0.5,partsLeadTimeHours=0.5,10,51,0,0.365823,0.000000,0.014174,0.000000,0.351650,0.492310,0.492310,42,0.666667,0.222222,0.261536,0.936219,false
sens_parts_lead_0.5,partsLeadTimeHours=0.5,11,52,0,0.348277,0.000000,0.026486,0.000000,0.321790,0.396875,0.396875,37,0.666667,0.222222,0.404688,0.880811,false
sens_parts_lead_0.5,partsLeadTimeHours=0.5,12,53,0,0.278666,0.000000,0.004046,0.000000,0.274620,0.329543,0.329543,36,0.666667,0.222222,0.505685,0.981792,false
sens_parts_lead_0.5,partsLeadTimeHours=0.5,13,54,0,0.350964,0.000000,0.005147,0.002937,0.342879,0.422885,0.422885,37,0.666667,0.222222,0.365673,0.976838,false
sens_parts_lead_0.5,partsLeadTimeHours=0.5,14,55,1,0.301438,0.000000,0.035908,0.000000,0.265530,0.362891,0.362891,41,0.666667,0.222222,0.455663,0.838414,false
sens_parts_lead_0.5,partsLeadTimeHours=0.5,15,56,0,0.563507,0.000000,0.184934,0.000000,0.378573,0.618336,0.618336,49,0.666667,0.222222,0.072497,0.167797,false
sens_parts_lead_0.5,partsLeadTimeHours=0.5,16,57,0,0.412759,0.000000,0.032341,0.000000,0.380417,0.380417,0.380417,30,0.666667,0.222222,0.429374,0.854463,false
sens_parts_lead_0.5,partsLeadTimeHours=0.5,17,58,0,0.421494,0.000000,0.037933,0.000000,0.383562,0.536986,0.536986,42,0.666667,0.222222,0.194521,0.829303,false
sens_parts_lead_0.5,partsLeadTimeHours=0.5,18,59,0,0.330430,0.000000,0.009691,0.000000,0.320739,0.363504,0.363504,34,0.666667,0.222222,0.454743,0.956391,false
sens_parts_lead_0.5,partsLeadTimeHours=0.5,19,60,0,0.318625,0.000000,0.024882,0.000000,0.293742,0.362282,0.362282,37,0.666667,0.222222,0.456577,0.888029,false
sens_parts_lead_0.5,partsLeadTimeHours=0.5,20,61,0,0.424268,0.001211,0.107358,0.000000,0.315699,0.463025,0.463025,44,0.666667,0.222222,0.305462,0.516889,false
sens_parts_lead_0.5,partsLeadTimeHours=0.5,21,62,0,0.341240,0.000000,0.004476,0.000000,0.336764,0.336764,0.336764,30,0.666667,0.222222,0.494853,0.979858,false
sens_parts_lead_0.5,partsLeadTimeHours=0.5,22,63,0,0.263014,0.000000,0.014273,0.000000,0.248740,0.389693,0.389693,47,0.666667,0.222222,0.415460,0.935769,false
sens_parts_lead_0.5,partsLeadTimeHours=0.5,23,64,0,0.393952,0.000000,0.051923,0.000000,0.342028,0.513043,0.513043,45,0.666667,0.222222,0.230436,0.766346,false
sens_parts_lead_0.5,partsLeadTimeHours=0.5,24,65,0,0.516313,0.000000,0.104427,0.005783,0.406103,0.460250,0.460250,34,0.666667,0.222222,0.309625,0.530079,false
sens_parts_lead_0.5,partsLeadTimeHours=0.5,25,66,0,0.444631,0.000000,0.074863,0.016263,0.353505,0.459556,0.459556,39,0.666667,0.222222,0.310665,0.663115,false
sens_parts_lead_0.5,partsLeadTimeHours=0.5,26,67,0,0.402622,0.002024,0.076809,0.006854,0.316935,0.433144,0.433144,41,0.666667,0.222222,0.350283,0.654360,false
sens_parts_lead_0.5,partsLeadTimeHours=0.5,27,68,0,0.293418,0.000000,0.014047,0.021718,0.257653,0.309184,0.309184,36,0.666667,0.222222,0.536225,0.936788,false
sens_parts_lead_0.5,partsLeadTimeHours=0.5,28,69,0,0.388625,0.000000,0.009626,0.000000,0.378998,0.454798,0.454798,36,0.666667,0.222222,0.317803,0.956682,false
sens_parts_lead_0.5,partsLeadTimeHours=0.5,29,70,0,0.492638,0.000000,0.111564,0.000000,0.381074,0.419181,0.419181,33,0.666667,0.222222,0.371228,0.497962,false
sens_parts_lead_0.5,partsLeadTimeHours=0.5,30,71,0,0.329804,0.000000,0.014873,0.000000,0.314931,0.409410,0.409410,39,0.666667,0.222222,0.385885,0.933072,false
sens_parts_lead_4,partsLeadTimeHours=4.0,1,42,0,0.715657,0.000000,0.026410,0.308213,0.381033,0.520745,0.520745,41,0.666667,0.222222,0.218882,0.881153,false
sens_parts_lead_4,partsLeadTimeHours=4.0,2,43,0,1.008794,0.000000,0.314256,0.350170,0.344367,0.528030,0.528030,46,0.666667,0.222222,0.207955,0.414153,false
sens_parts_lead_4,partsLeadTimeHours=4.0,3,44,0,0.425565,0.000000,0.017557,0.058677,0.349331,0.279464,0.279464,24,0.666667,0.222222,0.580803,0.920992,false
sens_parts_lead_4,partsLeadTimeHours=4.0,4,45,0,0.400023,0.000000,0.008366,0.000000,0.391657,0.509154,0.509154,39,0.666667,0.222222,0.236269,0.962353,false
sens_parts_lead_4,partsLeadTimeHours=4.0,5,46,0,0.360269,0.000000,0.004411,0.060675,0.295184,0.344381,0.344381,35,0.666667,0.222222,0.483429,0.980149,false
sens_parts_lead_4,partsLeadTimeHours=4.0,6,47,0,0.293332,0.000000,0.004589,0.008149,0.280594,0.308653,0.308653,33,0.666667,0.222222,0.537020,0.979350,false
sens_parts_lead_4,partsLeadTimeHours=4.0,7,48,0,0.467298,0.000000,0.049185,0.064995,0.353118,0.435512,0.435512,37,0.666667,0.222222,0.346731,0.778669,false
sens_parts_lead_4,partsLeadTimeHours=4.0,8,49,0,0.510458,0.000613,0.109059,0.039322,0.361463,0.542194,0.542194,45,0.666667,0.222222,0.186708,0.509232,false
sens_parts_lead_4,partsLeadTimeHours=4.0,9,50,0,0.362093,0.000000,0.008248,0.092371,0.261474,0.252758,0.252758,29,0.666667,0.222222,0.620862,0.962884,false
sens_parts_lead_4,partsLeadTimeHours=4.0,10,51,0,0.403197,0.000000,0.009620,0.036391,0.357186,0.500061,0.500061,42,0.666667,0.222222,0.249909,0.956711,false
sens_parts_lead_4,partsLeadTimeHours=4.0,11,52,0,0.423933,0.000000,0.026056,0.054012,0.343865,0.424100,0.424100,37,0.666667,0.222222,0.363850,0.882748,false
sens_parts_lead_4,partsLeadTimeHours=4.0,12,53,0,0.278666,0.000000,0.004046,0.000000,0.274620,0.329543,0.329543,36,0.666667,0.222222,0.505685,0.981792,false
sens_parts_lead_4,partsLeadTimeHours=4.0,13,54,0,0.467583,0.000000,0.001831,0.118526,0.347225,0.428245,0.428245,37,0.666667,0.222222,0.357633,0.991760,false
sens_parts_lead_4,partsLeadTimeHours=4.0,14,55,0,0.301438,0.000000,0.030471,0.005437,0.265530,0.362891,0.362891,41,0.666667,0.222222,0.455663,0.862879,false
sens_parts_lead_4,partsLeadTimeHours=4.0,15,56,0,0.563507,0.000000,0.184934,0.000000,0.378573,0.618336,0.618336,49,0.666667,0.222222,0.072497,0.167797,false
sens_parts_lead_4,partsLeadTimeHours=4.0,16,57,0,0.482728,0.000000,0.032341,0.056025,0.394361,0.394361,0.394361,30,0.666667,0.222222,0.408458,0.854463,false
sens_parts_lead_4,partsLeadTimeHours=4.0,17,58,0,0.421494,0.000000,0.037933,0.000000,0.383562,0.536986,0.536986,42,0.666667,0.222222,0.194521,0.829303,false
sens_parts_lead_4,partsLeadTimeHours=4.0,18,59,0,0.330430,0.000000,0.009691,0.000000,0.320739,0.363504,0.363504,34,0.666667,0.222222,0.454743,0.956391,false
sens_parts_lead_4,partsLeadTimeHours=4.0,19,60,0,0.382727,0.000000,0.021936,0.071881,0.288910,0.356322,0.356322,37,0.666667,0.222222,0.465517,0.901287,false
sens_parts_lead_4,partsLeadTimeHours=4.0,20,61,0,0.424268,0.001211,0.107358,0.000000,0.315699,0.463025,0.463025,44,0.666667,0.222222,0.305462,0.516889,false
sens_parts_lead_4,partsLeadTimeHours=4.0,21,62,0,0.341240,0.000000,0.004476,0.000000,0.336764,0.336764,0.336764,30,0.666667,0.222222,0.494853,0.979858,false
sens_parts_lead_4,partsLeadTimeHours=4.0,22,63,0,0.379608,0.000000,0.034234,0.101607,0.243766,0.381901,0.381901,47,0.666667,0.222222,0.427149,0.845946,false
sens_parts_lead_4,partsLeadTimeHours=4.0,23,64,0,0.393952,0.000000,0.051923,0.000000,0.342028,0.513043,0.513043,45,0.666667,0.222222,0.230436,0.766346,false
sens_parts_lead_4,partsLeadTimeHours=4.0,24,65,0,0.632599,0.000000,0.101066,0.134230,0.397303,0.450277,0.450277,34,0.666667,0.222222,0.324585,0.545202,false
sens_parts_lead_4,partsLeadTimeHours=4.0,25,66,0,0.676617,0.000000,0.074863,0.248248,0.353505,0.459556,0.459556,39,0.666667,0.222222,0.310665,0.663115,false
sens_parts_lead_4,partsLeadTimeHours=4.0,26,67,0,0.444119,0.002024,0.051182,0.070321,0.320593,0.438143,0.438143,41,0.666667,0.222222,0.342785,0.769682,false
sens_parts_lead_4,partsLeadTimeHours=4.0,27,68,0,0.616943,0.000000,0.016658,0.341905,0.258380,0.310056,0.310056,36,0.666667,0.222222,0.534916,0.925038,false
sens_parts_lead_4,partsLeadTimeHours=4.0,28,69,0,0.388625,0.000000,0.009626,0.000000,0.378998,0.454798,0.454798,36,0.666667,0.222222,0.317803,0.956682,false
sens_parts_lead_4,partsLeadTimeHours=4.0,29,70,0,0.516220,0.000000,0.111564,0.025699,0.378957,0.416853,0.416853,33,0.666667,0.222222,0.374721,0.497962,false
sens_parts_lead_4,partsLeadTimeHours=4.0,30,71,0,0.545596,0.000000,0.047691,0.187970,0.309935,0.402915,0.402915,39,0.666667,0.222222,0.395628,0.785388,false
scenario_peak,arrivalRate=8 (peak rush),1,42,1,0.864791,0.000356,0.512296,0.005719,0.346420,0.958429,0.958429,83,1.333333,Infinity,0.281178,NaN,false
scenario_peak,arrivalRate=8 (peak rush),2,43,1,1.105179,0.001150,0.625775,0.174602,0.303653,0.829984,0.829984,82,1.333333,Infinity,0.377512,NaN,false
scenario_peak,arrivalRate=8 (peak rush),3,44,0,0.612598,0.000000,0.182946,0.094487,0.335165,0.692675,0.692675,62,1.333333,Infinity,0.480494,NaN,false
scenario_peak,arrivalRate=8 (peak rush),4,45,1,0.755043,0.000000,0.340543,0.064548,0.349952,0.898210,0.898210,77,1.333333,Infinity,0.326342,NaN,false
scenario_peak,arrivalRate=8 (peak rush),5,46,1,0.411771,0.000000,0.097842,0.009452,0.304477,0.669850,0.669850,66,1.333333,Infinity,0.497613,NaN,false
scenario_peak,arrivalRate=8 (peak rush),6,47,0,0.375457,0.000000,0.049080,0.022956,0.303420,0.707980,0.707980,70,1.333333,Infinity,0.469015,NaN,false
scenario_peak,arrivalRate=8 (peak rush),7,48,0,0.643748,0.000121,0.268806,0.052947,0.321874,0.815415,0.815415,76,1.333333,Infinity,0.388439,NaN,false
scenario_peak,arrivalRate=8 (peak rush),8,49,1,0.494455,0.000503,0.188233,0.001252,0.304468,0.832211,0.832211,82,1.333333,Infinity,0.375841,NaN,false
scenario_peak,arrivalRate=8 (peak rush),9,50,0,0.339617,0.000267,0.052449,0.025695,0.261206,0.592067,0.592067,68,1.333333,Infinity,0.555949,NaN,false
scenario_peak,arrivalRate=8 (peak rush),10,51,1,1.091514,0.000401,0.705685,0.014380,0.371048,0.902883,0.902883,73,1.333333,Infinity,0.322838,NaN,false
scenario_peak,arrivalRate=8 (peak rush),11,52,0,0.442227,0.000000,0.144959,0.000000,0.297268,0.723353,0.723353,73,1.333333,Infinity,0.457485,NaN,false
scenario_peak,arrivalRate=8 (peak rush),12,53,1,0.606327,0.000174,0.220187,0.080771,0.305195,0.813853,0.813853,80,1.333333,Infinity,0.389610,NaN,false
scenario_peak,arrivalRate=8 (peak rush),13,54,1,0.889515,0.000000,0.477375,0.018529,0.393610,1.010266,1.010266,77,1.333333,Infinity,0.242300,NaN,false
scenario_peak,arrivalRate=8 (peak rush),14,55,0,0.323754,0.000137,0.059377,0.015953,0.248287,0.595888,0.595888,72,1.333333,Infinity,0.553084,NaN,false
scenario_peak,arrivalRate=8 (peak rush),15,56,1,1.300534,0.001815,0.936109,0.016314,0.346297,0.888828,0.888828,77,1.333333,Infinity,0.333379,NaN,false
scenario_peak,arrivalRate=8 (peak rush),16,57,0,0.484060,0.000338,0.147514,0.000000,0.336209,0.739660,0.739660,66,1.333333,Infinity,0.445255,NaN,false
scenario_peak,arrivalRate=8 (peak rush),17,58,0,0.768000,0.000543,0.439854,0.011921,0.315682,0.778683,0.778683,74,1.333333,Infinity,0.415988,NaN,false
scenario_peak,arrivalRate=8 (peak rush),18,59,1,0.370873,0.000000,0.074803,0.003225,0.292845,0.693067,0.693067,71,1.333333,Infinity,0.480200,NaN,false
scenario_peak,arrivalRate=8 (peak rush),19,60,1,0.600572,0.000357,0.134678,0.187189,0.278348,0.742261,0.742261,80,1.333333,Infinity,0.443304,NaN,false
scenario_peak,arrivalRate=8 (peak rush),20,61,1,0.998424,0.002502,0.664478,0.008892,0.322552,0.774125,0.774125,72,1.333333,Infinity,0.419406,NaN,false
scenario_peak,arrivalRate=8 (peak rush),21,62,1,0.513514,0.000000,0.190319,0.007075,0.316120,0.684927,0.684927,65,1.333333,Infinity,0.486305,NaN,false
scenario_peak,arrivalRate=8 (peak rush),22,63,1,0.494371,0.000982,0.251813,0.000000,0.241576,0.684465,0.684465,85,1.333333,Infinity,0.486651,NaN,false
scenario_peak,arrivalRate=8 (peak rush),23,64,1,1.085573,0.000270,0.740360,0.011114,0.333829,0.979231,0.979231,88,1.333333,Infinity,0.265577,NaN,false
scenario_peak,arrivalRate=8 (peak rush),24,65,1,1.187499,0.000000,0.766391,0.008740,0.412367,0.989680,0.989680,72,1.333333,Infinity,0.257740,NaN,false
scenario_peak,arrivalRate=8 (peak rush),25,66,0,0.554358,0.001149,0.174581,0.037325,0.341304,0.671231,0.671231,59,1.333333,Infinity,0.496577,NaN,false
scenario_peak,arrivalRate=8 (peak rush),26,67,1,1.126423,0.000407,0.446822,0.350738,0.328456,0.908728,0.908728,83,1.333333,Infinity,0.318454,NaN,false
scenario_peak,arrivalRate=8 (peak rush),27,68,0,0.402365,0.001263,0.143159,0.000000,0.257943,0.567474,0.567474,66,1.333333,Infinity,0.574394,NaN,false
scenario_peak,arrivalRate=8 (peak rush),28,69,1,0.788512,0.000000,0.365775,0.063008,0.359729,0.875341,0.875341,73,1.333333,Infinity,0.343494,NaN,false
scenario_peak,arrivalRate=8 (peak rush),29,70,1,0.604131,0.000000,0.190828,0.025438,0.387865,0.866231,0.866231,67,1.333333,Infinity,0.350327,NaN,false
scenario_peak,arrivalRate=8 (peak rush),30,71,0,0.544687,0.000000,0.135024,0.098907,0.310756,0.745814,0.745814,72,1.333333,Infinity,0.440639,NaN,false
scenario_understaffed,"technicians=2,advisors=1",1,42,0,0.621466,0.015427,0.147642,0.051639,0.406757,0.772839,0.772839,38,1.000000,Infinity,0.227161,NaN,false
scenario_understaffed,"technicians=2,advisors=1",2,43,0,0.372236,0.033839,0.041247,0.000000,0.297150,0.490297,0.490297,33,1.000000,Infinity,0.509703,NaN,false
scenario_understaffed,"technicians=2,advisors=1",3,44,0,0.494140,0.051308,0.096540,0.048510,0.297781,0.595563,0.595563,40,1.000000,Infinity,0.404437,NaN,false
scenario_understaffed,"technicians=2,advisors=1",4,45,0,0.332136,0.005401,0.007664,0.000000,0.319070,0.303117,0.303117,19,1.000000,Infinity,0.696883,NaN,false
scenario_understaffed,"technicians=2,advisors=1",5,46,0,0.522910,0.029683,0.143505,0.035479,0.314243,0.675623,0.675623,43,1.000000,Infinity,0.324377,NaN,false
scenario_understaffed,"technicians=2,advisors=1",6,47,0,0.403512,0.035386,0.068915,0.005215,0.293996,0.617392,0.617392,42,1.000000,Infinity,0.382608,NaN,false
scenario_understaffed,"technicians=2,advisors=1",7,48,0,0.412126,0.046244,0.079560,0.000000,0.286322,0.629908,0.629908,44,1.000000,Infinity,0.370092,NaN,false
scenario_understaffed,"technicians=2,advisors=1",8,49,0,0.315957,0.008538,0.017689,0.000000,0.289729,0.449081,0.449081,31,1.000000,Infinity,0.550919,NaN,false
scenario_understaffed,"technicians=2,advisors=1",9,50,0,0.386785,0.025756,0.012878,0.056965,0.291187,0.465899,0.465899,32,1.000000,Infinity,0.534101,NaN,false
scenario_understaffed,"technicians=2,advisors=1",10,51,0,1.032756,0.062400,0.569043,0.018191,0.383122,0.689620,0.689620,36,1.000000,Infinity,0.310380,NaN,false
scenario_understaffed,"technicians=2,advisors=1",11,52,0,0.504117,0.053096,0.121317,0.033151,0.296552,0.607933,0.607933,41,1.000000,Infinity,0.392067,NaN,false
scenario_understaffed,"technicians=2,advisors=1",12,53,0,0.567272,0.055168,0.172631,0.051594,0.287880,0.647729,0.647729,45,1.000000,Infinity,0.352271,NaN,false
scenario_understaffed,"technicians=2,advisors=1",13,54,0,0.487460,0.050699,0.123345,0.000000,0.313416,0.720857,0.720857,46,1.000000,Infinity,0.279143,NaN,false
scenario_understaffed,"technicians=2,advisors=1",14,55,0,0.497728,0.058964,0.156099,0.000000,0.282664,0.706661,0.706661,50,1.000000,Infinity,0.293339,NaN,false
scenario_understaffed,"technicians=2,advisors=1",15,56,0,0.918813,0.051490,0.440626,0.000000,0.426697,0.832059,0.832059,39,1.000000,Infinity,0.167941,NaN,false
scenario_understaffed,"technicians=2,advisors=1",16,57,0,0.691888,0.050372,0.295666,0.018819,0.327031,0.752172,0.752172,46,1.000000,Infinity,0.247828,NaN,false
scenario_understaffed,"technicians=2,advisors=1",17,58,0,0.455690,0.017410,0.060311,0.008068,0.369901,0.702812,0.702812,38,1.000000,Infinity,0.297188,NaN,false
scenario_understaffed,"technicians=2,advisors=1",18,59,0,0.441643,0.022481,0.080860,0.000000,0.338302,0.558199,0.558199,33,1.000000,Infinity,0.441801,NaN,false
scenario_understaffed,"technicians=2,advisors=1",19,60,0,0.442260,0.013962,0.060152,0.091327,0.276818,0.387546,0.387546,28,1.000000,Infinity,0.612454,NaN,false
scenario_understaffed,"technicians=2,advisors=1",20,61,0,1.076065,0.052810,0.645391,0.000000,0.377864,0.831302,0.831302,44,1.000000,Infinity,0.168698,NaN,false
scenario_understaffed,"technicians=2,advisors=1",21,62,0,0.416867,0.025221,0.098824,0.000000,0.292822,0.527080,0.527080,36,1.000000,Infinity,0.472920,NaN,false
scenario_understaffed,"technicians=2,advisors=1",22,63,0,0.419891,0.072127,0.083052,0.000000,0.264712,0.529424,0.529424,40,1.000000,Infinity,0.470576,NaN,false
scenario_understaffed,"technicians=2,advisors=1",23,64,0,0.591742,0.053696,0.212086,0.000000,0.325960,0.586728,0.586728,36,1.000000,Infinity,0.413272,NaN,false
scenario_understaffed,"technicians=2,advisors=1",24,65,0,1.088874,0.139328,0.556822,0.001752,0.390972,0.821041,0.821041,42,1.000000,Infinity,0.178959,NaN,false
scenario_understaffed,"technicians=2,advisors=1",25,66,0,0.462379,0.040302,0.050303,0.045971,0.325803,0.537575,0.537575,33,1.000000,Infinity,0.462425,NaN,false
scenario_understaffed,"technicians=2,advisors=1",26,67,0,0.360553,0.019072,0.017798,0.061909,0.261774,0.510460,0.510460,39,1.000000,Infinity,0.489540,NaN,false
scenario_understaffed,"technicians=2,advisors=1",27,68,0,0.333133,0.018017,0.010765,0.034256,0.270095,0.445657,0.445657,33,1.000000,Infinity,0.554343,NaN,false
scenario_understaffed,"technicians=2,advisors=1",28,69,0,0.456813,0.020256,0.030338,0.053913,0.352307,0.651768,0.651768,37,1.000000,Infinity,0.348232,NaN,false
scenario_understaffed,"technicians=2,advisors=1",29,70,0,0.842461,0.031005,0.385889,0.031316,0.394250,0.847637,0.847637,43,1.000000,Infinity,0.152363,NaN,false
scenario_understaffed,"technicians=2,advisors=1",30,71,0,0.411792,0.012137,0.020741,0.053718,0.325197,0.585354,0.585354,36,1.000000,Infinity,0.414646,NaN,false
scenario_parts_stress,"lead=4,reorder=2,initialQty=5",1,42,0,0.956971,0.000000,0.059665,0.565465,0.331841,0.453516,0.453516,41,0.666667,0.222222,0.319726,0.731507,false
scenario_parts_stress,"lead=4,reorder=2,initialQty=5",2,43,0,1.428236,0.000000,0.211674,0.881378,0.335185,0.513950,0.513950,46,0.666667,0.222222,0.229076,0.047467,false
scenario_parts_stress,"lead=4,reorder=2,initialQty=5",3,44,1,0.994154,0.000000,0.026244,0.650943,0.316967,0.253574,0.253574,24,0.666667,0.222222,0.619639,0.881902,false
scenario_parts_stress,"lead=4,reorder=2,initialQty=5",4,45,0,0.944581,0.000000,0.073256,0.451344,0.419980,0.545974,0.545974,39,0.666667,0.222222,0.181039,0.670346,false
scenario_parts_stress,"lead=4,reorder=2,initialQty=5",5,46,0,2.072139,0.000000,0.043043,1.688141,0.340955,0.397781,0.397781,35,0.666667,0.222222,0.403328,0.806306,false
scenario_parts_stress,"lead=4,reorder=2,initialQty=5",6,47,0,1.299234,0.000000,0.047721,0.966751,0.284762,0.313239,0.313239,33,0.666667,0.222222,0.530142,0.785257,false
scenario_parts_stress,"lead=4,reorder=2,initialQty=5",7,48,0,1.269133,0.000000,0.034523,0.886678,0.347932,0.429116,0.429116,37,0.666667,0.222222,0.356326,0.844648,false
scenario_parts_stress,"lead=4,reorder=2,initialQty=5",8,49,0,1.383761,0.000613,0.059099,0.976019,0.348030,0.522045,0.522045,45,0.666667,0.222222,0.216933,0.734054,false
scenario_parts_stress,"lead=4,reorder=2,initialQty=5",9,50,0,1.242778,0.000000,0.017209,0.980937,0.244631,0.236477,0.236477,29,0.666667,0.222222,0.645285,0.922558,false
scenario_parts_stress,"lead=4,reorder=2,initialQty=5",10,51,0,1.337969,0.000000,0.066215,0.859540,0.412214,0.577100,0.577100,42,0.666667,0.222222,0.134350,0.702034,false
scenario_parts_stress,"lead=4,reorder=2,initialQty=5",11,52,0,0.675943,0.000000,0.063723,0.287706,0.324514,0.400234,0.400234,37,0.666667,0.222222,0.399650,0.713248,false
scenario_parts_stress,"lead=4,reorder=2,initialQty=5",12,53,0,0.820307,0.000000,0.027381,0.489088,0.303838,0.364605,0.364605,36,0.666667,0.222222,0.453092,0.876784,false
scenario_parts_stress,"lead=4,reorder=2,initialQty=5",13,54,0,1.700727,0.000000,0.088297,1.250208,0.362222,0.446741,0.446741,37,0.666667,0.222222,0.329888,0.602662,false
scenario_parts_stress,"lead=4,reorder=2,initialQty=5",14,55,0,0.478241,0.000000,0.028346,0.178514,0.271381,0.370887,0.370887,41,0.666667,0.222222,0.443670,0.872442,false
scenario_parts_stress,"lead=4,reorder=2,initialQty=5",15,56,0,1.973795,0.000000,0.134491,1.450635,0.388669,0.634826,0.634826,49,0.666667,0.222222,0.047761,0.394791,false
scenario_parts_stress,"lead=4,reorder=2,initialQty=5",16,57,0,1.230026,0.000000,0.043587,0.788126,0.398312,0.398312,0.398312,30,0.666667,0.222222,0.402532,0.803856,false
scenario_parts_stress,"lead=4,reorder=2,initialQty=5",17,58,0,1.494135,0.000000,0.041843,1.081451,0.370840,0.519177,0.519177,42,0.666667,0.222222,0.221235,0.811705,false
scenario_parts_stress,"lead=4,reorder=2,initialQty=5",18,59,0,0.335526,0.000000,0.003091,0.011486,0.320948,0.363741,0.363741,34,0.666667,0.222222,0.454389,0.986090,false
scenario_parts_stress,"lead=4,reorder=2,initialQty=5",19,60,0,2.725600,0.000000,0.033885,2.369063,0.322653,0.397939,0.397939,37,0.666667,0.222222,0.403092,0.847519,false
scenario_parts_stress,"lead=4,reorder=2,initialQty=5",20,61,0,1.277611,0.001211,0.210189,0.746389,0.319822,0.469072,0.469072,44,0.666667,0.222222,0.296392,0.054149,false
scenario_parts_stress,"lead=4,reorder=2,initialQty=5",21,62,0,0.834036,0.000000,0.004476,0.489930,0.339630,0.339630,0.339630,30,0.666667,0.222222,0.490554,0.979858,false
scenario_parts_stress,"lead=4,reorder=2,initialQty=5",22,63,0,1.344975,0.000000,0.074354,1.030677,0.239944,0.375913,0.375913,47,0.666667,0.222222,0.436131,0.665408,false
scenario_parts_stress,"lead=4,reorder=2,initialQty=5",23,64,0,0.663762,0.000000,0.057996,0.244729,0.361037,0.541555,0.541555,45,0.666667,0.222222,0.187667,0.739019,false
scenario_parts_stress,"lead=4,reorder=2,initialQty=5",24,65,0,1.482790,0.000000,0.056527,1.022691,0.403572,0.457382,0.457382,34,0.666667,0.222222,0.313927,0.745630,false
scenario_parts_stress,"lead=4,reorder=2,initialQty=5",25,66,0,1.151852,0.000000,0.066762,0.746125,0.338965,0.440654,0.440654,39,0.666667,0.222222,0.339019,0.699570,false
scenario_parts_stress,"lead=4,reorder=2,initialQty=5",26,67,0,1.245964,0.002024,0.034831,0.933348,0.275762,0.376875,0.376875,41,0.666667,0.222222,0.434688,0.843262,false
scenario_parts_stress,"lead=4,reorder=2,initialQty=5",27,68,0,0.928422,0.000000,0.024136,0.617697,0.286589,0.343907,0.343907,36,0.666667,0.222222,0.484140,0.891389,false
scenario_parts_stress,"lead=4,reorder=2,initialQty=5",28,69,0,2.934377,0.000000,0.050009,2.514643,0.369726,0.443671,0.443671,36,0.666667,0.222222,0.334494,0.774959,false
scenario_parts_stress,"lead=4,reorder=2,initialQty=5",29,70,0,1.113275,0.000000,0.171745,0.494315,0.447215,0.491936,0.491936,33,0.666667,0.222222,0.262096,0.227147,false
scenario_parts_stress,"lead=4,reorder=2,initialQty=5",30,71,0,0.785245,0.000000,0.027732,0.434814,0.322699,0.419509,0.419509,39,0.666667,0.222222,0.370737,0.875206,false
scenario_ideal_capacity,"technicians=5,advisors=6",1,42,1,0.401263,0.000000,0.000890,0.024467,0.375906,0.323279,0.323279,43,0.400000,0.009950,0.191802,0.910584,false
scenario_ideal_capacity,"technicians=5,advisors=6",2,43,1,0.356203,0.000000,0.000000,0.051564,0.304639,0.231526,0.231526,38,0.400000,0.009950,0.421186,1.000000,false
scenario_ideal_capacity,"technicians=5,advisors=6",3,44,1,0.318203,0.000000,0.000384,0.000000,0.317819,0.222473,0.222473,35,0.400000,0.009950,0.443817,0.961416,false
scenario_ideal_capacity,"technicians=5,advisors=6",4,45,0,0.380819,0.000000,0.000000,0.000000,0.380819,0.251341,0.251341,33,0.400000,0.009950,0.371648,1.000000,false
scenario_ideal_capacity,"technicians=5,advisors=6",5,46,0,0.345056,0.000000,0.000000,0.000000,0.345056,0.310551,0.310551,45,0.400000,0.009950,0.223624,1.000000,false
scenario_ideal_capacity,"technicians=5,advisors=6",6,47,0,0.340718,0.000000,0.000113,0.001153,0.339452,0.285140,0.285140,42,0.400000,0.009950,0.287151,0.988640,false
scenario_ideal_capacity,"technicians=5,advisors=6",7,48,0,0.338927,0.000000,0.000000,0.000000,0.338927,0.216913,0.216913,32,0.400000,0.009950,0.457718,1.000000,false
scenario_ideal_capacity,"technicians=5,advisors=6",8,49,0,0.345828,0.000000,0.000000,0.000000,0.345828,0.214413,0.214413,31,0.400000,0.009950,0.463967,1.000000,false
scenario_ideal_capacity,"technicians=5,advisors=6",9,50,0,0.336503,0.000000,0.000000,0.002233,0.334271,0.227304,0.227304,34,0.400000,0.009950,0.431740,1.000000,false
scenario_ideal_capacity,"technicians=5,advisors=6",10,51,0,0.371646,0.000000,0.000000,0.000000,0.371646,0.319616,0.319616,43,0.400000,0.009950,0.200960,1.000000,false
scenario_ideal_capacity,"technicians=5,advisors=6",11,52,0,0.315136,0.000000,0.000000,0.000000,0.315136,0.214292,0.214292,34,0.400000,0.009950,0.464269,1.000000,false
scenario_ideal_capacity,"technicians=5,advisors=6",12,53,0,0.340606,0.000000,0.000000,0.005222,0.335384,0.268307,0.268307,40,0.400000,0.009950,0.329232,1.000000,false
scenario_ideal_capacity,"technicians=5,advisors=6",13,54,0,0.385779,0.000000,0.000000,0.013662,0.372117,0.357233,0.357233,48,0.400000,0.009950,0.106918,1.000000,false
scenario_ideal_capacity,"technicians=5,advisors=6",14,55,0,0.278200,0.000000,0.000476,0.006059,0.271665,0.244498,0.244498,45,0.400000,0.009950,0.388754,0.952119,false
scenario_ideal_capacity,"technicians=5,advisors=6",15,56,0,0.357775,0.000000,0.000000,0.017086,0.340689,0.292993,0.292993,43,0.400000,0.009950,0.267518,1.000000,false
scenario_ideal_capacity,"technicians=5,advisors=6",16,57,0,0.416849,0.000000,0.007126,0.000000,0.409723,0.327778,0.327778,40,0.400000,0.009950,0.180555,0.283843,false
scenario_ideal_capacity,"technicians=5,advisors=6",17,58,0,0.337466,0.000000,0.000277,0.000000,0.337189,0.283239,0.283239,42,0.400000,0.009950,0.291904,0.972139,false
scenario_ideal_capacity,"technicians=5,advisors=6",18,59,0,0.303490,0.000000,0.002822,0.004284,0.296384,0.225252,0.225252,38,0.400000,0.009950,0.436870,0.716357,false
scenario_ideal_capacity,"technicians=5,advisors=6",19,60,0,0.367315,0.000000,0.000823,0.035421,0.331070,0.238370,0.238370,36,0.400000,0.009950,0.404074,0.917255,false
scenario_ideal_capacity,"technicians=5,advisors=6",20,61,0,0.350474,0.000000,0.001950,0.000000,0.348524,0.334583,0.334583,48,0.400000,0.009950,0.163542,0.803983,false
scenario_ideal_capacity,"technicians=5,advisors=6",21,62,0,0.333241,0.000000,0.000000,0.000000,0.333241,0.186615,0.186615,28,0.400000,0.009950,0.533463,1.000000,false
scenario_ideal_capacity,"technicians=5,advisors=6",22,63,0,0.267573,0.000000,0.000000,0.000000,0.267573,0.219410,0.219410,41,0.400000,0.009950,0.451475,1.000000,false
scenario_ideal_capacity,"technicians=5,advisors=6",23,64,0,0.321872,0.000000,0.000000,0.000000,0.321872,0.212435,0.212435,33,0.400000,0.009950,0.468911,1.000000,false
scenario_ideal_capacity,"technicians=5,advisors=6",24,65,0,0.392519,0.000000,0.000952,0.010573,0.380995,0.365755,0.365755,48,0.400000,0.009950,0.085613,0.904365,false
scenario_ideal_capacity,"technicians=5,advisors=6",25,66,0,0.339633,0.000000,0.000000,0.000000,0.339633,0.278499,0.278499,41,0.400000,0.009950,0.303753,1.000000,false
scenario_ideal_capacity,"technicians=5,advisors=6",26,67,0,0.359744,0.000000,0.000000,0.040968,0.318776,0.223143,0.223143,35,0.400000,0.009950,0.442141,1.000000,false
scenario_ideal_capacity,"technicians=5,advisors=6",27,68,0,0.479762,0.000000,0.002406,0.168930,0.308426,0.215898,0.215898,35,0.400000,0.009950,0.460255,0.758214,false
scenario_ideal_capacity,"technicians=5,advisors=6",28,69,0,0.471076,0.000000,0.000000,0.088078,0.382998,0.298738,0.298738,39,0.400000,0.009950,0.253154,1.000000,false
scenario_ideal_capacity,"technicians=5,advisors=6",29,70,0,0.420393,0.000000,0.000000,0.016912,0.403481,0.234019,0.234019,29,0.400000,0.009950,0.414953,1.000000,false
scenario_ideal_capacity,"technicians=5,advisors=6",30,71,0,0.315485,0.000000,0.002303,0.001833,0.311348,0.286440,0.286440,46,0.400000,0.009950,0.283899,0.768501,false
val_extreme_low_arrival,arrivalRate=0.1,1,42,0,0.541177,0.000000,0.000000,0.000000,0.541177,0.054118,0.054118,2,0.016667,0.000003,2.247060,1.000000,false
val_extreme_low_arrival,arrivalRate=0.1,2,43,0,0.000000,0.000000,0.000000,0.000000,0.000000,0.000000,0.000000,0,0.016667,0.000003,1.000000,1.000000,false
val_extreme_low_arrival,arrivalRate=0.1,3,44,0,0.000000,0.000000,0.000000,0.000000,0.000000,0.000000,0.000000,0,0.016667,0.000003,1.000000,1.000000,false
val_extreme_low_arrival,arrivalRate=0.1,4,45,0,0.499650,0.000000,0.000000,0.000000,0.499650,0.049965,0.049965,1,0.016667,0.000003,1.997903,1.000000,false
val_extreme_low_arrival,arrivalRate=0.1,5,46,0,0.000000,0.000000,0.000000,0.000000,0.000000,0.000000,0.000000,0,0.016667,0.000003,1.000000,1.000000,false
val_extreme_low_arrival,arrivalRate=0.1,6,47,0,0.112360,0.000000,0.000000,0.000000,0.112360,0.011236,0.011236,1,0.016667,0.000003,0.325839,1.000000,false
val_extreme_low_arrival,arrivalRate=0.1,7,48,0,0.000000,0.000000,0.000000,0.000000,0.000000,0.000000,0.000000,0,0.016667,0.000003,1.000000,1.000000,false
val_extreme_low_arrival,arrivalRate=0.1,8,49,0,0.302831,0.000000,0.000000,0.000000,0.302831,0.030283,0.030283,1,0.016667,0.000003,0.816983,1.000000,false
val_extreme_low_arrival,arrivalRate=0.1,9,50,0,0.349028,0.000000,0.000000,0.000000,0.349028,0.034903,0.034903,1,0.016667,0.000003,1.094167,1.000000,false
val_extreme_low_arrival,arrivalRate=0.1,10,51,0,0.262212,0.000000,0.000000,0.000000,0.262212,0.026221,0.026221,1,0.016667,0.000003,0.573269,1.000000,false
val_extreme_low_arrival,arrivalRate=0.1,11,52,0,0.000000,0.000000,0.000000,0.000000,0.000000,0.000000,0.000000,0,0.016667,0.000003,1.000000,1.000000,false
val_extreme_low_arrival,arrivalRate=0.1,12,53,0,0.299632,0.000000,0.000000,0.000000,0.299632,0.029963,0.029963,2,0.016667,0.000003,0.797789,1.000000,false
val_extreme_low_arrival,arrivalRate=0.1,13,54,0,0.244712,0.000000,0.000000,0.000000,0.244712,0.024471,0.024471,1,0.016667,0.000003,0.468274,1.000000,false
val_extreme_low_arrival,arrivalRate=0.1,14,55,0,0.786177,0.000000,0.000000,0.000000,0.786177,0.078618,0.078618,1,0.016667,0.000003,3.717065,1.000000,false
val_extreme_low_arrival,arrivalRate=0.1,15,56,0,0.000000,0.000000,0.000000,0.000000,0.000000,0.000000,0.000000,0,0.016667,0.000003,1.000000,1.000000,false
val_extreme_low_arrival,arrivalRate=0.1,16,57,0,0.000000,0.000000,0.000000,0.000000,0.000000,0.000000,0.000000,0,0.016667,0.000003,1.000000,1.000000,false
val_extreme_low_arrival,arrivalRate=0.1,17,58,0,0.347538,0.000000,0.000000,0.000000,0.347538,0.057923,0.057923,5,0.016667,0.000003,2.475384,1.000000,false
val_extreme_low_arrival,arrivalRate=0.1,18,59,0,0.199473,0.000000,0.000000,0.000000,0.199473,0.019947,0.019947,2,0.016667,0.000003,0.196840,1.000000,false
val_extreme_low_arrival,arrivalRate=0.1,19,60,0,0.204082,0.000000,0.000000,0.000000,0.204082,0.020408,0.020408,1,0.016667,0.000003,0.224491,1.000000,false
val_extreme_low_arrival,arrivalRate=0.1,20,61,0,0.561649,0.000000,0.000000,0.000000,0.561649,0.056165,0.056165,1,0.016667,0.000003,2.369896,1.000000,false
val_extreme_low_arrival,arrivalRate=0.1,21,62,0,0.425959,0.000000,0.000000,0.000000,0.425959,0.042596,0.042596,1,0.016667,0.000003,1.555754,1.000000,false
val_extreme_low_arrival,arrivalRate=0.1,22,63,0,0.000000,0.000000,0.000000,0.000000,0.000000,0.000000,0.000000,0,0.016667,0.000003,1.000000,1.000000,false
val_extreme_low_arrival,arrivalRate=0.1,23,64,0,0.000000,0.000000,0.000000,0.000000,0.000000,0.000000,0.000000,0,0.016667,0.000003,1.000000,1.000000,false
val_extreme_low_arrival,arrivalRate=0.1,24,65,0,0.449399,0.000000,0.000000,0.000000,0.449399,0.044940,0.044940,1,0.016667,0.000003,1.696394,1.000000,false
val_extreme_low_arrival,arrivalRate=0.1,25,66,0,0.158406,0.000000,0.000000,0.000000,0.158406,0.015841,0.015841,1,0.016667,0.000003,0.049565,1.000000,false
val_extreme_low_arrival,arrivalRate=0.1,26,67,0,0.243105,0.000000,0.000000,0.000000,0.243105,0.024310,0.024310,2,0.016667,0.000003,0.458628,1.000000,false
val_extreme_low_arrival,arrivalRate=0.1,27,68,0,0.289962,0.000000,0.000000,0.000000,0.289962,0.028996,0.028996,1,0.016667,0.000003,0.739774,1.000000,false
val_extreme_low_arrival,arrivalRate=0.1,28,69,0,0.000000,0.000000,0.000000,0.000000,0.000000,0.000000,0.000000,0,0.016667,0.000003,1.000000,1.000000,false
val_extreme_low_arrival,arrivalRate=0.1,29,70,0,0.177223,0.000000,0.000000,0.000000,0.177223,0.017722,0.017722,1,0.016667,0.000003,0.063338,1.000000,false
val_extreme_low_arrival,arrivalRate=0.1,30,71,0,0.371563,0.000000,0.000000,0.000000,0.371563,0.037156,0.037156,2,0.016667,0.000003,1.229380,1.000000,false
val_extreme_overload,arrivalRate=20,1,42,5,7.081052,0.013306,6.667293,0.054957,0.345496,2.326343,2.326343,202,3.333333,Infinity,0.302097,NaN,false
val_extreme_overload,arrivalRate=20,2,43,3,5.272109,0.046541,4.877700,0.035569,0.312298,1.894605,1.894605,182,3.333333,Infinity,0.431619,NaN,false
val_extreme_overload,arrivalRate=20,3,44,2,6.006970,0.007529,5.291101,0.351580,0.356759,2.152448,2.152448,181,3.333333,Infinity,0.354266,NaN,false
val_extreme_overload,arrivalRate=20,4,45,2,6.491328,0.013867,5.702095,0.439621,0.335746,2.182346,2.182346,195,3.333333,Infinity,0.345296,NaN,false
val_extreme_overload,arrivalRate=20,5,46,1,5.497007,0.002634,5.072825,0.089275,0.332272,2.115463,2.115463,191,3.333333,Infinity,0.365361,NaN,false
val_extreme_overload,arrivalRate=20,6,47,1,5.465032,0.004527,5.007987,0.150841,0.301677,1.900563,1.900563,189,3.333333,Infinity,0.429831,NaN,false
val_extreme_overload,arrivalRate=20,7,48,2,5.612910,0.009299,5.102368,0.193106,0.308137,2.023434,2.023434,197,3.333333,Infinity,0.392970,NaN,false
val_extreme_overload,arrivalRate=20,8,49,3,9.055978,0.013828,8.624362,0.056978,0.360810,2.742159,2.742159,228,3.333333,Infinity,0.177352,NaN,false
val_extreme_overload,arrivalRate=20,9,50,3,5.469548,0.007971,5.108131,0.049528,0.303918,1.945072,1.945072,192,3.333333,Infinity,0.416478,NaN,false
val_extreme_overload,arrivalRate=20,10,51,2,6.511006,0.030360,6.121563,0.011794,0.347289,2.234225,2.234225,193,3.333333,Infinity,0.329732,NaN,false
val_extreme_overload,arrivalRate=20,11,52,1,4.387055,0.007472,4.095156,0.001215,0.283212,1.774796,1.774796,188,3.333333,Infinity,0.467561,NaN,false
val_extreme_overload,arrivalRate=20,12,53,1,4.859542,0.021160,4.277975,0.272353,0.288055,1.939569,1.939569,202,3.333333,Infinity,0.418129,NaN,false
val_extreme_overload,arrivalRate=20,13,54,1,5.778009,0.010856,5.325856,0.114859,0.326439,2.013038,2.013038,185,3.333333,Infinity,0.396089,NaN,false
val_extreme_overload,arrivalRate=20,14,55,1,3.828198,0.005626,3.499587,0.058219,0.264767,1.650379,1.650379,187,3.333333,Infinity,0.504886,NaN,false
val_extreme_overload,arrivalRate=20,15,56,2,7.979887,0.030655,7.540041,0.057351,0.351839,2.404232,2.404232,205,3.333333,Infinity,0.278730,NaN,false
val_extreme_overload,arrivalRate=20,16,57,1,5.872019,0.009644,5.473001,0.051185,0.338188,2.108041,2.108041,187,3.333333,Infinity,0.367588,NaN,false
val_extreme_overload,arrivalRate=20,17,58,1,6.590901,0.018501,6.196399,0.035418,0.340582,2.168375,2.168375,191,3.333333,Infinity,0.349488,NaN,false
val_extreme_overload,arrivalRate=20,18,59,1,5.281734,0.006013,4.916185,0.038806,0.320731,1.967148,1.967148,184,3.333333,Infinity,0.409856,NaN,false
val_extreme_overload,arrivalRate=20,19,60,2,5.991984,0.015303,5.492113,0.179090,0.305478,2.016152,2.016152,198,3.333333,Infinity,0.395154,NaN,false
val_extreme_overload,arrivalRate=20,20,61,1,4.973056,0.022703,4.635341,0.005564,0.309447,1.980462,1.980462,192,3.333333,Infinity,0.405861,NaN,false
val_extreme_overload,arrivalRate=20,21,62,1,5.368822,0.014940,4.959110,0.057131,0.337642,1.980831,1.980831,176,3.333333,Infinity,0.405751,NaN,false
val_extreme_overload,arrivalRate=20,22,63,2,4.849994,0.025870,4.333373,0.237190,0.253561,1.825637,1.825637,216,3.333333,Infinity,0.452309,NaN,false
val_extreme_overload,arrivalRate=20,23,64,2,8.195501,0.035381,7.768050,0.057637,0.334432,2.485945,2.485945,223,3.333333,Infinity,0.254216,NaN,false
val_extreme_overload,arrivalRate=20,24,65,2,8.641456,0.004388,8.201669,0.030083,0.405316,2.661573,2.661573,197,3.333333,Infinity,0.201528,NaN,false
val_extreme_overload,arrivalRate=20,25,66,2,4.916487,0.007276,4.398187,0.203997,0.307027,1.883099,1.883099,184,3.333333,Infinity,0.435070,NaN,false
val_extreme_overload,arrivalRate=20,26,67,3,6.561135,0.017042,5.956352,0.281596,0.306145,2.224651,2.224651,218,3.333333,Infinity,0.332605,NaN,false
val_extreme_overload,arrivalRate=20,27,68,2,4.251191,0.014899,3.778972,0.192449,0.264871,1.739320,1.739320,197,3.333333,Infinity,0.478204,NaN,false
val_extreme_overload,arrivalRate=20,28,69,1,6.016501,0.031765,5.398409,0.263424,0.322903,2.066581,2.066581,192,3.333333,Infinity,0.380026,NaN,false
val_extreme_overload,arrivalRate=20,29,70,1,8.156045,0.024599,7.707669,0.041992,0.381785,2.417972,2.417972,190,3.333333,Infinity,0.274608,NaN,false
val_extreme_overload,arrivalRate=20,30,71,1,4.964202,0.006234,4.563203,0.094497,0.300268,1.881682,1.881682,188,3.333333,Infinity,0.435495,NaN,false
val_extreme_one_tech,technicianCount=1,1,42,0,5.510817,0.000002,5.078465,0.000000,0.432349,1.859102,1.859102,43,2.000000,Infinity,0.070449,NaN,false
val_extreme_one_tech,technicianCount=1,2,43,0,1.416236,0.000000,1.101847,0.037762,0.276628,1.078847,1.078847,39,2.000000,Infinity,0.460576,NaN,false
val_extreme_one_tech,technicianCount=1,3,44,0,1.868212,0.000000,1.519650,0.000000,0.348562,1.080542,1.080542,31,2.000000,Infinity,0.459729,NaN,false
val_extreme_one_tech,technicianCount=1,4,45,0,0.501593,0.000000,0.244897,0.019150,0.237546,0.831411,0.831411,35,2.000000,Infinity,0.584295,NaN,false
val_extreme_one_tech,technicianCount=1,5,46,0,3.915784,0.000000,3.548123,0.010401,0.357260,1.643398,1.643398,46,2.000000,Infinity,0.178301,NaN,false
val_extreme_one_tech,technicianCount=1,6,47,0,1.819253,0.000000,1.565463,0.000000,0.253790,1.091296,1.091296,43,2.000000,Infinity,0.454352,NaN,false
val_extreme_one_tech,technicianCount=1,7,48,0,0.398777,0.000000,0.131956,0.000000,0.266822,0.880511,0.880511,33,2.000000,Infinity,0.559744,NaN,false
val_extreme_one_tech,technicianCount=1,8,49,0,1.011066,0.000000,0.713509,0.000000,0.297556,0.952181,0.952181,32,2.000000,Infinity,0.523910,NaN,false
val_extreme_one_tech,technicianCount=1,9,50,0,0.718019,0.000000,0.459070,0.000000,0.258949,0.854532,0.854532,33,2.000000,Infinity,0.572734,NaN,false
val_extreme_one_tech,technicianCount=1,10,51,0,4.727750,0.000000,4.308650,0.037473,0.381627,1.717323,1.717323,45,2.000000,Infinity,0.141339,NaN,false
val_extreme_one_tech,technicianCount=1,11,52,0,2.234418,0.000000,1.796453,0.000000,0.437965,1.489082,1.489082,34,2.000000,Infinity,0.255459,NaN,false
val_extreme_one_tech,technicianCount=1,12,53,0,2.229614,0.000000,1.919788,0.000000,0.309826,1.270286,1.270286,41,2.000000,Infinity,0.364857,NaN,false
val_extreme_one_tech,technicianCount=1,13,54,0,1.264677,0.000000,1.020447,0.000000,0.244230,1.172303,1.172303,48,2.000000,Infinity,0.413848,NaN,false
val_extreme_one_tech,technicianCount=1,14,55,0,2.718159,0.000000,2.391499,0.001791,0.324869,1.331964,1.331964,41,2.000000,Infinity,0.334018,NaN,false
val_extreme_one_tech,technicianCount=1,15,56,0,4.549493,0.000000,4.178257,0.000000,0.371236,1.596316,1.596316,43,2.000000,Infinity,0.201842,NaN,false
val_extreme_one_tech,technicianCount=1,16,57,0,1.635504,0.000000,1.338246,0.013128,0.284130,1.136521,1.136521,40,2.000000,Infinity,0.431739,NaN,false
val_extreme_one_tech,technicianCount=1,17,58,0,6.270168,0.000000,5.806484,0.000000,0.463684,1.901105,1.901105,41,2.000000,Infinity,0.049448,NaN,false
val_extreme_one_tech,technicianCount=1,18,59,0,1.628062,0.000000,1.356719,0.000000,0.271343,1.058238,1.058238,39,2.000000,Infinity,0.470881,NaN,false
val_extreme_one_tech,technicianCount=1,19,60,0,2.560128,0.000000,2.224246,0.000000,0.335882,1.209176,1.209176,36,2.000000,Infinity,0.395412,NaN,false
val_extreme_one_tech,technicianCount=1,20,61,0,5.916101,0.000000,5.453968,0.000000,0.462133,2.172026,2.172026,47,2.000000,Infinity,0.086013,NaN,false
val_extreme_one_tech,technicianCount=1,21,62,0,1.280382,0.000000,0.906395,0.000000,0.373987,1.084563,1.084563,29,2.000000,Infinity,0.457719,NaN,false
val_extreme_one_tech,technicianCount=1,22,63,0,1.086227,0.000000,0.827592,0.000000,0.258635,1.086268,1.086268,42,2.000000,Infinity,0.456866,NaN,false
val_extreme_one_tech,technicianCount=1,23,64,0,0.712074,0.000000,0.392703,0.005280,0.314091,1.067908,1.067908,34,2.000000,Infinity,0.466046,NaN,false
val_extreme_one_tech,technicianCount=1,24,65,0,7.348881,0.000000,6.846180,0.010882,0.491819,2.409912,2.409912,49,2.000000,Infinity,0.204956,NaN,false
val_extreme_one_tech,technicianCount=1,25,66,0,2.166206,0.000000,1.873414,0.000000,0.292792,1.200446,1.200446,41,2.000000,Infinity,0.399777,NaN,false
val_extreme_one_tech,technicianCount=1,26,67,0,0.506341,0.000000,0.243890,0.029433,0.233018,0.862166,0.862166,37,2.000000,Infinity,0.568917,NaN,false
val_extreme_one_tech,technicianCount=1,27,68,0,0.841093,0.000000,0.570639,0.010006,0.260448,0.937613,0.937613,36,2.000000,Infinity,0.531194,NaN,false
val_extreme_one_tech,technicianCount=1,28,69,0,4.816151,0.000000,4.383273,0.000000,0.432878,1.688225,1.688225,39,2.000000,Infinity,0.155887,NaN,false
val_extreme_one_tech,technicianCount=1,29,70,0,0.765727,0.000000,0.409268,0.034873,0.321587,0.964760,0.964760,30,2.000000,Infinity,0.517620,NaN,false
val_extreme_one_tech,technicianCount=1,30,71,0,5.981779,0.000000,5.526041,0.000000,0.455738,2.050823,2.050823,45,2.000000,Infinity,0.025411,NaN,false
val_instant_parts,"lead=0,initialQty=100",1,42,1,0.340864,0.000000,0.011403,0.000000,0.329461,0.450263,0.450263,41,0.666667,0.222222,0.324606,0.948686,false
val_instant_parts,"lead=0,initialQty=100",2,43,0,0.710850,0.000000,0.334500,0.000000,0.376350,0.577070,0.577070,46,0.666667,0.222222,0.134395,0.505249,false
val_instant_parts,"lead=0,initialQty=100",3,44,0,0.366888,0.000000,0.017557,0.000000,0.349331,0.279464,0.279464,24,0.666667,0.222222,0.580803,0.920992,false
val_instant_parts,"lead=0,initialQty=100",4,45,0,0.400023,0.000000,0.008366,0.000000,0.391657,0.509154,0.509154,39,0.666667,0.222222,0.236269,0.962353,false
val_instant_parts,"lead=0,initialQty=100",5,46,0,0.303673,0.000000,0.005089,0.000000,0.298585,0.348349,0.348349,35,0.666667,0.222222,0.477476,0.977101,false
val_instant_parts,"lead=0,initialQty=100",6,47,0,0.295339,0.000000,0.004589,0.000000,0.290750,0.319825,0.319825,33,0.666667,0.222222,0.520262,0.979350,false
val_instant_parts,"lead=0,initialQty=100",7,48,0,0.350948,0.000000,0.017537,0.000000,0.333411,0.411207,0.411207,37,0.666667,0.222222,0.383190,0.921085,false
val_instant_parts,"lead=0,initialQty=100",8,49,0,0.505678,0.000613,0.143966,0.000000,0.361099,0.541648,0.541648,45,0.666667,0.222222,0.187528,0.352154,false
val_instant_parts,"lead=0,initialQty=100",9,50,0,0.252971,0.000000,0.001081,0.000000,0.251889,0.243493,0.243493,29,0.666667,0.222222,0.634760,0.995133,false
val_instant_parts,"lead=0,initialQty=100",10,51,0,0.365823,0.000000,0.014174,0.000000,0.351650,0.492310,0.492310,42,0.666667,0.222222,0.261536,0.936219,false
val_instant_parts,"lead=0,initialQty=100",11,52,0,0.348277,0.000000,0.026486,0.000000,0.321790,0.396875,0.396875,37,0.666667,0.222222,0.404688,0.880811,false
val_instant_parts,"lead=0,initialQty=100",12,53,0,0.278666,0.000000,0.004046,0.000000,0.274620,0.329543,0.329543,36,0.666667,0.222222,0.505685,0.981792,false
val_instant_parts,"lead=0,initialQty=100",13,54,0,0.382904,0.000000,0.004681,0.000000,0.378223,0.466475,0.466475,37,0.666667,0.222222,0.300287,0.978936,false
val_instant_parts,"lead=0,initialQty=100",14,55,0,0.301438,0.000000,0.035908,0.000000,0.265530,0.362891,0.362891,41,0.666667,0.222222,0.455663,0.838414,false
val_instant_parts,"lead=0,initialQty=100",15,56,0,0.563507,0.000000,0.184934,0.000000,0.378573,0.618336,0.618336,49,0.666667,0.222222,0.072497,0.167797,false
val_instant_parts,"lead=0,initialQty=100",16,57,0,0.412759,0.000000,0.032341,0.000000,0.380417,0.380417,0.380417,30,0.666667,0.222222,0.429374,0.854463,false
val_instant_parts,"lead=0,initialQty=100",17,58,0,0.421494,0.000000,0.037933,0.000000,0.383562,0.536986,0.536986,42,0.666667,0.222222,0.194521,0.829303,false
val_instant_parts,"lead=0,initialQty=100",18,59,0,0.330430,0.000000,0.009691,0.000000,0.320739,0.363504,0.363504,34,0.666667,0.222222,0.454743,0.956391,false
val_instant_parts,"lead=0,initialQty=100",19,60,0,0.318625,0.000000,0.024882,0.000000,0.293742,0.362282,0.362282,37,0.666667,0.222222,0.456577,0.888029,false
val_instant_parts,"lead=0,initialQty=100",20,61,0,0.424268,0.001211,0.107358,0.000000,0.315699,0.463025,0.463025,44,0.666667,0.222222,0.305462,0.516889,false
val_instant_parts,"lead=0,initialQty=100",21,62,0,0.341240,0.000000,0.004476,0.000000,0.336764,0.336764,0.336764,30,0.666667,0.222222,0.494853,0.979858,false
val_instant_parts,"lead=0,initialQty=100",22,63,0,0.263014,0.000000,0.014273,0.000000,0.248740,0.389693,0.389693,47,0.666667,0.222222,0.415460,0.935769,false
val_instant_parts,"lead=0,initialQty=100",23,64,0,0.393952,0.000000,0.051923,0.000000,0.342028,0.513043,0.513043,45,0.666667,0.222222,0.230436,0.766346,false
val_instant_parts,"lead=0,initialQty=100",24,65,0,0.505262,0.000000,0.103081,0.000000,0.402181,0.455805,0.455805,34,0.666667,0.222222,0.316292,0.536135,false
val_instant_parts,"lead=0,initialQty=100",25,66,0,0.431227,0.000000,0.077722,0.000000,0.353505,0.459556,0.459556,39,0.666667,0.222222,0.310665,0.650250,false
val_instant_parts,"lead=0,initialQty=100",26,67,0,0.402622,0.002024,0.083663,0.000000,0.316935,0.433144,0.433144,41,0.666667,0.222222,0.350283,0.623516,false
val_instant_parts,"lead=0,initialQty=100",27,68,0,0.270552,0.000000,0.017495,0.000000,0.253057,0.303669,0.303669,36,0.666667,0.222222,0.544497,0.921274,false
val_instant_parts,"lead=0,initialQty=100",28,69,0,0.388625,0.000000,0.009626,0.000000,0.378998,0.454798,0.454798,36,0.666667,0.222222,0.317803,0.956682,false
val_instant_parts,"lead=0,initialQty=100",29,70,0,0.492638,0.000000,0.111564,0.000000,0.381074,0.419181,0.419181,33,0.666667,0.222222,0.371228,0.497962,false
val_instant_parts,"lead=0,initialQty=100",30,71,0,0.329804,0.000000,0.014873,0.000000,0.314931,0.409410,0.409410,39,0.666667,0.222222,0.385885,0.933072,false
